Регион;Смертность общая (на 1000нас);1990;1995;1996;1997;1998;1999;2000;2001;2002;2003;2004;2005;2006;2007;2008;2009;2010;2011;2012;2013;2014;2015;Доля населения старше трудоспособного возраста (%);1995;1996;1997;1998;1999;2000;2001;2002;2003;2004;2005;2006;2007;2008;2009;2010;2011;2012;2013;2014;2015;Норма t C янв;Норма t C июль;Преступность (на 100тыс.нас.);1990;1995;1996;1997;1998;1999;2000;2001;2002;2003;2004;2005;2006;2007;2008;2009;2010;2011;2012;2013;2014;2015;Доля населения с ДНПЖМ, %;1990;1995;1996;1997;1998;1999;2000;2001;2002;2003;2004;2005;2006;2007;2008;2009;2010;2011;2012;2013;2014;2015;Общий коэффициент рождаемости (на 1000нас.);1990;1995;1996;1997;1998;1999;2000;2001;2002;2003;2004;2005;2006;2007;2008;2009;2010;2011;2012;2013;2014;2015;ОПЖ при рождении, лет;1990;1991;1992;1993;1994;1995;1996;1997;1998;1999;2000;2001;2002;2003;2004;2005;2006;2007;2008;2009;2010;2011;2012;2013;2014;2015;Доля убыточных предприятий, %;1990;1995;1996;1997;1998;1999;2000;2001;2002;2003;2004;2005;2006;2007;2008;2009;2010;2011;2012;2013;2014;2015;Общая первичная заболеваемость, на 1000нас.;1990;1995;1996;1997;1998;1999;2000;2001;2002;2003;2004;2005;2006;2007;2008;2009;2010;2011;2012;2013;2014;2015;Факторные нагрузки по осн фактору;2000;2001;2002;2003;2004;2005;2006;2007;2008;2009;2010;2011;2012;2013;2014;2015
Белгородская область;;12,8;14,8;14,5;14,6;14,3;15,1;15,5;16,1;16,2;16,1;16,2;16;15,3;14,8;14,7;14,4;14,4;14,1;14;13,8;14;13,9;Белгородская область;23,4;23,7;23,7;23,6;23,4;23,2;23,2;23,1;22,8;22,8;22,8;22,9;23;23,2;23,7;24,1;24,5;25;25,5;26,1;26,6;-8,3;19,3;Белгородская область;880;1128;1137;1044;1154;1396;1323;1350;1198;1264;1280;1670;1594;1397;1257;1308;1099;1036;968;968;925;1019;Белгородская область;;19,9;17,6;18,9;20,1;24,2;33,6;29,1;25,4;22,9;20,7;18,1;15,1;12,4;10;10,1;8,2;8,6;6,5;7,4;7,5;8,5;;12,9;9,4;8,8;8,1;8;7,6;8;8,2;8,6;9,2;9,1;8,9;9,5;10,3;11;11;10,9;11,1;11,6;11,6;11,5;11,5;Белгородская область;70,2;69,8;69,1;67,4;67,2;68;68,7;69;69,3;68,3;68,1;67,5;67,6;68;68,2;68,4;69,3;70,4;70,5;71,1;71,3;71,71;71,91;72,16;72,25;72,61;Белгородская область;;22,3;45,9;50,4;50,2;37,1;39,1;43;50;48,7;44,4;37;38;29,3;25,8;31,7;30,5;26,5;21,9;27;26,5;27,1;Белгородская область;;609,1;574,7;611,5;605,9;658,6;753,7;793,9;783;822,2;806,1;780,1;783,5;798,6;755,5;780;756,7;777,6;782,1;775,8;736,4;707,4;;0,0637460876;-0,212804787;0,569409795;;-0,386547658;-0,521527323;-0,482915844;-0,430593991;-0,867446275;-0,496716102;-0,933471418;-0,808987871;-1,31395094;-0,746669946;-0,737299151;-0,848003604
Брянская область;;12,8;15,9;15,5;16,2;16,3;17,3;18,2;17,9;19,2;19,1;19;19,8;18,7;17,9;17,8;17;17;16,1;16,2;15,9;16;15,8;Брянская область;24,5;24,6;24,7;24,5;24,3;23,9;23,9;23,6;23,3;23,2;23,1;23,2;23,3;23,5;23,8;24,3;24,8;25,3;25,8;26,3;26,9;-8,6;17,9;Брянская область;1063;2094;2012;1659;2021;2200;2107;1981;1510;1808;1854;2316;2184;2140;2041;1973;1833;1533;1488;1527;1382;1409;Брянская область;;22,7;19,2;18,4;25,3;39,6;42,3;35,8;31,2;26,7;25,3;20,1;19,5;18,4;15,8;15,3;13,5;12,6;10,5;11,7;12,3;13;;13;9,2;8,7;8;8,1;7,7;7,8;7,9;8,6;9,1;9,2;9;9,1;10,2;10,9;11,1;10,7;10,9;11,4;11,1;11;11,4;Брянская область;69,6;69,3;68,6;66,2;65,1;66,3;66,8;66,2;66,3;65,1;64,7;64,9;63,8;64,3;64,2;63,4;65,3;66,1;66,5;67,8;67,9;68,83;69,06;69,75;69,42;70,36;Брянская область;;39,2;61,9;63,7;63;51,8;52,6;50,3;59,8;59,3;51,5;45,2;38,6;29,4;28,1;33,3;28,7;31,6;33,2;37,4;37,1;39,7;Брянская область;;690,4;627,3;683,7;660,4;681,5;715,5;715,8;713,7;699,5;741,8;754,7;774,6;797,9;817,6;828,8;820,2;855,9;847,8;861,1;826,3;782,1;;-0,897973726;-0,809293258;1,07519677;;-0,20833509;-0,559194489;-0,803196814;-0,565278529;-0,743834661;-0,719482845;-0,842028352;-0,867926239;-0,832297311;-0,959824312;-0,90690936;-0,735967869
Владимирская область;;12,5;16,4;15,9;15,7;15,9;17,9;19,1;19,7;20,8;20,8;20,2;20,2;19,1;18,5;18,5;18,2;18;17,1;16,7;16,7;16,6;16,5;Владимирская область;23,8;24,1;24,3;24,2;24,1;24;24,2;24,2;23,9;23,9;24,3;24,6;24,8;25;25,5;25,9;26,4;26,9;27,4;27,9;28,5;-10,9;18,1;Владимирская область;952;1768;1719;1537;1690;2004;2031;2131;1749;1917;2152;2491;2523;2322;1980;1923;1775;1659;1525;1315;1334;1523;Владимирская область;;27,6;26,7;23,9;27,7;37,5;44,7;40,7;35,3;30,3;29,5;29,2;25,1;22,7;19,6;19,2;17,3;17,5;15;13,5;13,5;14,1;;12,1;7,6;7,5;7,2;7,3;7,1;7,6;8,1;8,6;9,3;9,4;9,2;9,5;10,2;10,8;10,8;10,8;10,9;11,5;11,1;11,2;11,6;Владимирская область;69,5;69,3;68,1;65,8;64,4;64,9;66,1;66,5;66,6;64,3;63,4;63,1;62,2;62,7;63;63,5;64,7;65,6;65,8;66,6;67,1;68,08;68,6;69,13;69,25;69,82;Владимирская область;;28,4;47,4;48,5;51,5;36,5;41,1;38,4;44,6;46,9;40,6;36,1;31,6;22,5;28,9;28,9;27,3;28,3;26;30,2;33;34,5;Владимирская область;;747,1;722;744,3;741,5;831;858,4;889,9;929,2;935;920,9;884,8;902,8;900,4;937,6;1009,9;926,8;931,4;941,3;924;913,9;937,7;;-0,814928994;-0,851943395;0,899192239;;-0,605934087;-0,563943679;-0,589974429;-0,728274313;-0,629694076;-0,923232545;-0,700017239;-0,806605224;-0,764282842;-0,874727735;-0,891827732;-0,938423923
Воронежская область;;13,9;16,6;16,3;16,3;16;17,3;17,9;18,3;18,9;19;18,6;18,5;17,7;17,3;17,2;16,5;17;15,9;15,6;15,5;15,7;15,3;Воронежская область;25,9;26,1;26,1;26;25,8;25,7;25,7;25,5;25,3;25,2;25,1;25,2;25,4;25,6;25,9;26,2;26,5;26,9;27,3;27,7;28,1;-9;20,2;Воронежская область;901;1295;1309;1354;1496;1600;1606;1701;1433;1631;1608;1886;1777;1763;1526;1378;1177;1158;1188;1306;1448;1685;Воронежская область;;23,1;25,1;20,2;20,1;29,4;41,9;36,6;33,8;28,8;25,1;23,2;19,6;19,5;19,4;21,3;18,4;17,2;10,3;9,2;9;9,2;;11,5;8,3;7,9;7,4;7,4;7,1;7,6;7,7;8;8,3;8,6;8,4;8,4;9;9,8;10,4;10,2;10,2;10,9;10,7;10,9;11,1;Воронежская область;70,4;69,7;69,4;67,4;66,6;67,1;67,6;67,9;68,2;66,8;66,5;66,2;65,9;66,1;66,3;66,5;67,5;67,9;68,3;69,4;69,5;70,41;70,84;70,89;70,82;71,67;Воронежская область;;30,9;51,4;51,9;51,7;36,7;39,4;39,8;44,7;42,5;41,4;38,6;33,2;23,6;27,4;27,1;29,6;25,1;23,2;27,8;25,4;24,9;Воронежская область;;520,4;464,5;491,3;481;488,3;504;508,1;524,1;547;548,3;534,3;533,2;534,6;527,1;565,7;549,9;553,3;542,5;525;527,3;545,6;;-0,912329893;-1,14906292;1,04763463;;-0,79453569;-0,845800574;-1,11755512;-0,950754638;-0,669433076;0,0992540303;-0,486859222;-0,729852353;-1,4148111;-1,0685863;-1,04935418;-1,05969538
Ивановская область;;14;18,3;17,8;17,7;17,6;20,3;20,8;20,7;22;22,1;21,6;22;19,9;18,8;19,3;18,6;18,4;16,9;16,9;16,3;16,4;16;Ивановская область;25,4;25,7;25,7;25,5;25,2;25;25,2;25;24,6;24,5;24,8;25;25,2;25,3;25,7;26,1;26,5;26,8;27,2;27,6;28,1;-12,1;18,1;Ивановская область;1016;1982;1948;1706;1910;2424;2367;2376;1911;2267;2173;2381;2466;2306;1941;1829;1771;1628;1517;1387;1430;1465;Ивановская область;;33,3;31,4;26,5;30;59,5;68,4;68,2;60,8;53,3;47,6;41,3;34,6;31,6;22,6;22,7;20,1;19;13,8;14,1;14,2;15,8;;11,6;7,3;7;6,7;7,1;6,6;7,2;7,8;8,3;8,8;9;8,7;9;9,8;10,3;10,6;10,4;10,4;11,1;11,2;11,1;11,4;Ивановская область;68,8;68,1;66,7;65;63,5;64,1;64,8;65,4;65,8;63,3;62,6;62,8;61,9;62,2;62,4;62,2;64,6;65,6;66;66,8;67,1;68,56;69,3;69,84;69,88;70,62;Ивановская область;;40,4;59,6;60;66,1;51,8;45,7;42,3;47,7;47,3;40;36,5;38,3;33,6;38,2;42,4;39,1;38,6;38,9;33,2;37,3;40,3;Ивановская область;;612;583,9;641,3;654,5;765,6;820;814,7;880,6;866,8;850,6;825,9;884;858,3;853,9;923,2;897,5;941,7;966,1;943,1;930,2;877,5;;-1,45533318;-1,28408003;0,917148665;;-0,351489121;-0,533816387;-0,373692886;-0,0302808748;-0,242050343;-0,773507493;-0,50125952;-0,54866468;-0,46573511;-0,784084737;-0,846764282;-0,644900959
Калужская область;;12,4;16,4;15,4;15,4;15,6;17,3;18,1;18,3;18,8;19;18,7;19,1;17,5;17,1;17,1;16,5;16,5;15,4;15,8;15,2;15,3;15;Калужская область;23;23,3;23,5;23,6;23,5;23,4;23,6;23,7;23,5;23,5;23,4;23,7;23,9;24,1;24,6;25,1;25,5;25,9;26,4;26,8;27,3;-9,8;17,3;Калужская область;848;1621;1606;1571;1859;2221;1996;1918;1521;1769;2035;2560;2567;2289;2121;1963;1776;1496;1468;1565;1668;1804;Калужская область;;26,6;24,5;24,7;24,2;42,3;45,5;40,3;35;29,6;23,1;19,7;17,2;13,8;12,7;12,2;11,3;11,1;8,5;9;9,4;10,9;;11,9;7,9;7,3;7,2;7,4;7;7,4;8;8,4;8,8;9,2;8,9;9,2;10;10,4;10,5;11;10,9;11,7;11,7;11,8;12,6;Калужская область;68,9;69,3;68,2;65,9;64;64,8;66,1;66,6;66,4;65;64,3;64,3;64,1;64,3;64,5;64,4;66,2;66,8;67;67,8;68,1;69,49;69,39;70,02;69,93;70,73;Калужская область;;38,7;58,4;54,6;55,5;39,1;36,9;37,8;43,1;43;39,5;36,1;31,1;19,4;22,2;26,3;29,7;31,3;29,2;31;34,8;34,8;Калужская область;;648,3;689,8;759,5;760,8;808,2;800,2;794,3;802,3;824;816,3;783,2;721,2;750,5;751,7;786,2;757,9;716;728,1;721;696,7;712,4;;-0,716513887;-0,727078094;0,739036529;;-0,751669402;-0,849736768;-0,840804975;-1,10400738;-1,13163253;-0,811451436;-0,888367995;-0,838912489;-1,08433412;-0,877177442;-0,862991402;-0,589009568
Костромская область;;13,4;17;16,8;16,3;16,3;17,8;18,9;19,9;21,1;21,7;21,2;21,3;19,2;18,1;18,4;17,6;17,7;16,6;16,1;16,1;15,8;16;Костромская область;24,3;24,5;24,5;24,2;24;23,8;23,8;23,4;23;22,8;22,9;23,1;23,4;23,5;24;24,5;25;25,5;26;26,5;27,1;-13;17,6;Костромская область;953;1631;1544;1468;1796;2350;2446;2744;1969;2193;2202;2440;2309;1969;1606;1553;1480;1394;1265;1164;1221;1427;Костромская область;;29,9;21,2;19,3;25,3;38,3;37,5;36,6;35,5;33,2;28,6;23,5;19,3;18,9;18,7;19,7;15,7;16,5;15,1;14;13,5;14;;12,6;7,9;7,9;7,7;7,8;7,7;8,1;8,7;9,4;9,5;10;9,7;10;10,7;11,3;11,8;12,1;12,3;12,9;12,7;12,6;12,5;Костромская область;68,7;68,2;67,2;65,2;63,7;64,4;65,1;65,9;65,9;64,7;64;63,2;62,7;62,1;62,6;62,6;64,5;66,1;66,2;67;67,5;68,45;69,5;69,86;70,05;70,38;Костромская область;;47,4;64,3;62,8;61,8;53,4;55;56,5;55,1;54,3;41,1;46,4;41,6;34,6;38,5;42,9;44,3;43,6;41,1;37;35,9;35,6;Костромская область;;637,8;590;637,3;615,8;636,5;676,2;675,1;690,9;731,2;692,8;675,5;711,7;720,8;745;820,6;798,9;796,1;750,3;754,6;762,6;768,9;;-1,14793712;-1,14340693;0,989475153;;-0,643055016;-0,479636307;-0,634505357;-0,296506468;-0,199858558;-0,437503468;-0,473906793;-0,249428223;-0,0465869944;-0,587202216;-0,513338231;-0,576053725
Курская область;;13,9;16,7;16,9;16,5;16,4;17,6;18,6;18,7;19,3;19,7;19,4;19,8;19,2;18,2;18,5;17,8;17,6;16,8;16,6;16,1;16,6;16,3;Курская область;25,4;25,7;25,6;25,5;25,3;24,9;24,9;24,7;24,4;24,2;24,3;24,4;24,6;24,8;25,2;25,6;26;26,4;26,9;27,4;27,8;-8,7;18,4;Курская область;740;1803;1871;1457;1554;1683;1962;1858;1580;1658;1804;2199;2662;2453;1955;1778;1620;1504;1347;1180;1185;1271;Курская область;;19,9;24,9;22,1;25,1;36,6;42,2;39,5;33,7;30,7;25;20,3;15,4;12,6;11,3;12;10,8;10,4;8,2;9;8,7;10,2;;11,8;8,5;8,4;7,9;8;7,7;8,2;8,4;8,5;8,8;9;8,6;9;10,1;10,7;10,8;11,1;11,5;12;11,6;11,7;11,6;Курская область;69;68,3;68,1;66,3;64,9;66;66;66,8;66,9;65,7;65,3;65,5;64,9;65;65;65;66,1;66,7;66,9;68,1;68,5;69,27;69,66;70,14;70,11;70,8;Курская область;;38,8;57,9;59;60,9;45,9;49,3;53,7;62,2;57,7;49,5;46,4;39,8;25,4;27;30,8;25,8;26,7;29,9;27,4;31,1;29,7;Курская область;;579,5;531,2;546,8;524,8;577,3;600,9;613,9;682,4;678,8;649,6;633,2;633,6;572;567,4;607,9;577,6;618,5;588;570,1;534,8;542,6;;-0,98046341;-0,969977256;1,1294676;;-0,410870574;-0,668133159;-1,05100089;-1,05667714;-1,10825925;-0,71969757;-1,04558795;-1,11762988;-1,24467494;-1,0237438;-1,07570326;-0,967278161
Липецкая область;;12,8;16,1;15,2;15,1;14,9;15,9;16,5;17,1;17,5;18,4;18,3;17,7;17,2;16,8;16,9;16,2;16,7;15,2;15,4;15,2;15,4;15,3;Липецкая область;23,8;24,2;24,2;24,1;24;23,9;24;23,9;23,6;23,6;23,5;23,6;23,8;24;24,4;24,9;25,4;25,9;26,3;26,9;27,5;-9,6;19,3;Липецкая область;821;1358;1350;1263;1359;1505;1516;1455;1318;1267;1162;1568;1662;1709;1684;1535;1385;1315;1158;1143;1064;1245;Липецкая область;;18,6;17,3;17,5;19,4;30,7;30,9;24,8;25,8;22,2;19;15,2;11,4;10,7;10,3;9,8;9,9;10,6;8,4;7,9;8;9,1;;12,1;8,4;7,9;7,6;7,8;7,3;7,8;8;8,7;8,8;9,2;9,3;9,6;10,2;10,8;10,9;10,9;10,7;11,7;11,3;11,5;11,6;Липецкая область;70;69,3;68,7;66,4;65,5;66,1;67,2;67,7;68,1;67,3;66,8;66,3;66,2;65,6;65,8;66,2;66,9;67,5;67,7;68,7;68,6;69,87;70,03;70,66;70,6;71,07;Липецкая область;;33,9;56,7;51,7;55,1;37,4;33,8;36,2;49,2;42,5;36,1;38;34;22,5;24;29,4;31,4;25,5;26,1;25,7;28,2;25,5;Липецкая область;;626,2;650,6;644;690,9;754,2;725,9;700,4;719;742,5;714,2;716,8;712,2;715,4;738,1;699,8;682,3;715,8;706,8;694;698,4;671;;-0,226449641;-0,552580091;0,734458481;;-1,02760785;-0,707262547;-0,94381312;-1,0477895;-1,15635858;-0,689657948;-1,04880149;-0,966353103;-1,21389678;-0,972712507;-0,951143048;-1,03060683
Московская область;;12,2;17,6;16;15,1;15,3;16,7;17;17,8;17,9;17,9;17,5;17,1;16,6;16,1;16,1;15,3;15,4;14,1;14,3;13,9;13,8;13;Московская область;23,1;23,4;23,6;23,5;23,4;23,4;23,5;23,3;23;22,9;23,1;23,2;23,4;23,4;23,6;23,7;23,9;23,9;24,1;24,3;24,6;-9,9;17,9;Московская область;789;1183;1148;1089;1178;1309;1302;1250;1132;1273;1342;1756;1941;1918;1811;1797;1620;1647;1562;1511;1268;1226;Московская область;;31,7;24;20,3;22,3;27,7;35,2;30,9;27,4;25,9;21,5;17,9;12,5;10,5;8,9;10,1;10,1;9,6;6,9;7,6;7,6;8,6;;10,2;7,2;7;6,7;7;6,8;7,2;7,7;8,2;8,8;9,1;9;9,1;9,6;10,5;11;10,9;11;11,9;12,1;12,5;12,9;Московская область;69,6;69,4;68,3;65,4;63,1;63,4;65,6;67,2;67,2;65,8;65,4;64,9;64,9;65,2;65,8;66;66,9;67,5;67,8;68,8;69,1;70,36;70,4;70,78;70,94;72,26;Московская область;;20,6;37,5;36,5;36,4;27,8;28,6;28,1;33,5;34,2;33,9;32,6;29,3;26,1;29,9;33,3;29,9;32,1;29;30,5;30,8;30,2;Московская область;;627,7;564,8;588,7;593,3;635,8;632,8;622,6;627,4;646,1;624,9;607,3;621,5;639,4;636,7;679,8;660,8;686,5;702,2;697,4;735,9;707,5;;-0,459710958;-0,817653806;0,746231226;;-1,00536318;-0,905237504;-1,06158948;-0,931308112;-0,912413994;-0,564701823;-0,835092682;-0,691349902;-0,955320251;-0,700683048;-0,57589038;-0,411561107
Орловская область;;13;16;15,7;15,4;15,2;16,5;17,7;18;18,6;18,8;18,6;18,8;18,2;17,8;17,6;17;17,4;16,3;16,4;16,2;16,4;16,4;Орловская область;24,4;24,6;24,7;24,5;24,4;24;24;23,9;23,6;23,6;24;24,1;24,4;24,6;25,1;25,6;26,1;26,6;27,1;27,7;28,3;-9,3;18;Орловская область;840;1308;1287;1206;1369;1665;1756;1615;1920;1897;1929;2256;2471;2430;2061;1853;1730;1610;1699;1580;1522;1542;Орловская область;;22,7;20,1;21,4;25,1;34,6;41,6;35,1;30,6;28,1;24,5;23,9;21,3;19,9;16,8;18,1;14,7;14,5;11,3;12,6;12,8;14;;12,2;8,7;8,3;7,6;7,7;7,3;7,9;8,1;8,6;8,9;9,1;8,6;9;9,6;10,2;10,4;11;10,5;11,2;11;11;11,2;Орловская область;69,6;68,8;68,2;66;65,1;65,6;66,6;67,1;67,5;66,7;65,6;65,2;65,1;65;65;65;66,2;67;67,5;68,5;68,4;69,48;69,51;70,22;69,88;70,38;Орловская область;;39,6;52,2;45,7;52,5;39;35,6;36,3;42,3;44,4;42,8;40,9;39,2;29,2;29,9;36,3;34;26,8;27,7;26,9;29,2;25,7;Орловская область;;717,4;666;732,8;722;772,1;815;805,6;788,9;803,4;821,7;819,1;842,8;855,8;873,7;882,8;873,9;891,2;943,3;911;932,3;970,2;;-0,425893817;-0,585890253;0,655305218;;-0,576165597;-0,548747613;-0,621181719;-0,578666802;-0,714152827;-0,747472284;-0,746465865;-0,943079997;-0,945583589;-0,828342902;-0,949458289;-1,16995964
Рязанская область;;14;17,9;17,4;17,4;17,1;18,6;19,3;19,9;20,5;21,2;20,2;20,2;19,1;18,9;18,4;17,7;18,1;16,4;16,4;15,8;16,1;15,8;Рязанская область;26;26,4;26,4;26,4;26,2;26;26,2;26,2;25,9;25,9;25,8;25,9;26,2;26,4;26,8;27,2;27,6;28,1;28,5;29;29,5;-10,9;18,2;Рязанская область;994;1475;1282;1044;1011;1180;1229;1243;952;1024;965;1457;1382;1184;1165;959;916;845;832;849;848;915;Рязанская область;;24,4;23,4;21,2;28,4;46,9;49,3;38,3;31,3;27,7;27,8;22,5;20,3;17,1;14,4;15,7;15;16;12,5;11,7;10,9;12,7;;11,6;7,8;7,5;7,1;7,3;7;7;7,4;7,8;8,3;8,5;8,4;8,5;9,4;10,1;10,1;10,2;10,2;10,9;10,8;11;11,1;Рязанская область;69,3;69,2;68,5;65,9;64,1;64,9;65,8;66,3;66,8;65,4;64,9;64,5;64,1;63,4;64,2;64,1;65,3;65,7;66,5;67,8;67,8;69,34;69,86;70,74;70,8;71,46;Рязанская область;;40,7;57,5;60,4;61,2;41,3;41,5;37,1;40,9;41,5;36,9;36,2;32,6;21,8;24;28,1;27,9;25,8;22,6;27,3;25;24,6;Рязанская область;;643,9;569,2;597,7;575,8;661,9;633;624,5;666,4;653,7;641,6;654,4;661,4;660,1;644,4;699,9;701,7;703,5;706,9;689,4;696,2;695;;-0,993648499;-1,28397396;1,28403619;;-1,1000341;-1,0648264;-1,22141494;-1,22788919;-1,25240012;-0,592666999;-1,00096181;-0,862242873;-1,37156615;-0,91412968;-0,932176859;-0,985292865
Смоленская область;;13,2;16,9;16,7;17,2;17;18,9;20;20,6;21,6;22;21,3;21,2;20,3;19,1;19,2;18,7;18,4;16,8;16,8;16,4;16,1;16,3;Смоленская область;23,8;23,9;24;23,9;23,7;23,5;23,5;23,4;23,2;23,2;23,1;23,2;23,5;23,8;24,2;24,8;25,2;25,8;26,3;26,8;27,4;-9,6;16,6;Смоленская область;1093;2081;2004;1832;1953;2160;2196;2093;1900;2077;2334;2824;2798;2484;2358;2354;2116;1856;1737;1519;1423;1431;Смоленская область;;19,5;20,3;18;22,9;32;29,8;27;25,2;23,4;20,9;17,7;19,1;17,4;14,4;14,8;15,2;17,3;14,8;15,1;15,2;17;;11,8;8;7,6;7;7;6,5;7;7,6;8,2;8,7;8,8;8,6;8,8;9,6;10,1;10,8;10,4;10,4;10,5;10,6;10,8;10,5;Смоленская область;69,3;68,5;68,1;65,2;63,9;64,8;65,4;65,1;65,5;63,6;62,9;62,3;61,6;62;62,4;62,2;63,4;64,9;65;66;66,6;68,12;68,49;68,9;69,44;69,74;Смоленская область;;46,3;62;61,9;63,7;51,2;49,6;45,2;49,6;51,5;45,8;38,5;37,5;30,7;32,1;37,5;27,8;31,9;31,6;35,4;38,4;34,8;Смоленская область;;705,6;612,4;617,5;651;710,5;730,7;764,1;797,7;744;777,2;780,6;786,7;770,9;792,8;801,3;764,9;756,9;738,7;757,9;719;685,6;;-1,33839256;-1,27844829;1,34747332;;-0,888635585;-1,11061298;-1,05033748;-0,788202325;-0,90850366;-1,08772383;-0,89823159;-0,777060623;-0,814821946;-0,873138318;-0,762558572;-0,740524073
Тамбовская область;;14,9;17,3;16,8;16,8;16,5;18,2;19;18,8;19,8;20;19,1;19,3;18,1;17,4;17,6;17,1;17,5;16,4;16,2;16,1;16,3;16,1;Тамбовская область;25,8;26,1;26;25,8;25,6;25,4;25,5;25,4;25,1;25;25;25,2;25,5;25,7;26,2;26,7;27,2;27,7;28,1;28,6;29,3;-10;19,5;Тамбовская область;990;1549;1450;1326;1407;1580;1634;1646;1333;1328;1400;2014;2063;1828;1600;1467;1260;1247;1087;1093;1077;1253;Тамбовская область;;21,7;22,6;20,7;24,4;30,7;45,9;36,5;27,2;22,9;21,3;16,9;14,8;13,5;11,1;11,7;10,8;10,7;9,4;8,2;9,3;10,8;;11,7;8,4;8;7,5;7,6;7,2;8;7,8;8,1;8,5;8,7;8,5;8,2;8,9;9,2;9,3;9,5;9,3;9,7;9,5;9,8;9,8;Тамбовская область;68,8;68,2;68;66,2;65;65,7;66,5;66,8;67,3;65,4;65;65,5;65;65;65,6;65,6;67;68,1;68,4;69;69,2;70,18;70,67;70,93;71,11;71,67;Тамбовская область;;48,5;66,5;65,4;66,3;53,5;53,9;51,6;61,7;52,7;45,2;46,7;40,3;22,7;29,5;27,3;30,5;28,4;26,7;24;22,3;25,4;Тамбовская область;;654,3;609,7;630,5;643,8;667,1;717,7;688,5;709,3;738,8;721,1;731,1;742,2;738;736,1;771;706,2;673,9;661,9;639,8;645,8;646,8;;-0,845824235;-0,988995343;1,3814201;;-0,733637468;-0,659431914;-1,09754568;-1,19964636;-1,2363928;-1,03581545;-1,32113414;-1,30868428;-1,58833016;-1,37876474;-1,27710388;-1,34938028
Тверская область;;14,8;19,4;18,6;18,2;18,5;20,2;21,6;22,9;23,9;24,1;23,2;23;21,7;20,5;20,6;19,9;20,1;18,7;18,3;18;17,8;17,7;Тверская область;26,3;26,6;26,6;26,4;26,1;25,9;26;25,8;25,4;25,2;25,4;25,6;25,7;25,8;26,1;26,5;26,9;27,3;27,7;28,2;28,7;-10,2;17;Тверская область;1182;2109;1974;1702;1781;1964;1965;1946;1842;1970;2045;2866;2982;2811;2597;2483;2202;2150;1905;1515;1537;1750;Тверская область;;28;23,4;22,1;27,8;51,7;51,5;46,9;38,7;33,7;26;18,5;13,9;14,8;13,9;14,1;13,2;13,5;11,4;11,8;11,9;13,2;;11,5;7,5;7,2;7,1;7,4;7;7,5;8;8,7;9,2;9,5;9,3;9,5;10,2;10,7;11,1;10,9;11;11,6;11,3;11,3;11,2;Тверская область;68,3;68,1;66,5;63,1;61,8;63;64,4;65,1;65;63,2;62,5;61,6;61;61,1;61,7;61,6;63;64,2;65;65,5;65,9;67,02;67,86;68,13;68,43;69,1;Тверская область;;33,7;56,3;58,2;56,8;48,6;49,8;45,8;51,4;53,1;46,6;44,3;42;36,5;32,1;37,6;37,3;37,2;36,9;41,3;40,6;39,3;Тверская область;;710,9;649,7;689,7;682,9;698,7;767,5;805,1;818;803,4;754,1;751,8;803,3;778,2;803,6;828,8;833,8;875,4;920,6;903,8;881,1;903,1;;-1,45233189;-1,55489938;1,42680241;;-0,774588312;-0,929930572;-1,13623098;-0,71328029;-0,977354747;-1,31159762;-1,17154836;-1,17631215;-0,791604214;-1,29595471;-1,21081629;-1,16287367
Тульская область;;14,4;19,4;18,4;18,2;18,2;20,2;21;21,5;21,8;22,6;21,7;21,8;20,7;20,1;20,1;19,1;19,3;17,7;17,7;17,4;17,1;17,1;Тульская область;27,1;27,3;27,3;27,2;27;26,7;26,7;26,7;26,4;26,4;26,3;26,5;26,8;27;27,4;27,8;28,1;28,6;29,1;29,5;29,9;-9,5;18,2;Тульская область;1049;1757;1670;1480;1501;1710;1619;1646;1178;1118;1175;1271;1320;1245;1166;1163;1023;949;901;823;809;874;Тульская область;;16,2;16,8;15,8;22;34,2;32,2;25,9;21,8;20,5;20;17,2;14,6;14,2;12,8;12,2;11;10,9;9,5;9,7;9,8;10,6;;10,2;7,3;6,9;6,7;7;6,5;6,8;7,2;7,4;7,9;7,9;7,8;8;8,4;9;9,5;9,5;9,4;10,1;9,9;10;10,5;Тульская область;68,6;68,5;67,4;64,6;62,7;63,6;64,8;65,5;65,9;64,2;63,1;63;62,9;62,7;63,1;63;64,4;65,2;65,6;66,9;67,1;68,63;68,86;69,41;69,63;70,06;Тульская область;;31,7;52,1;52,3;55,2;42,7;41,5;39,9;43,9;41;36,6;36,8;35,9;29,6;33,2;35,2;35,6;35,9;32,7;34,7;35,6;34,2;Тульская область;;621,2;606,9;600,9;571,3;615,8;663,5;685,9;730,1;805,4;822,7;743,1;740,8;726,1;725,4;742,6;726,6;712,8;707,3;720,3;718,6;719,7;;-1,39823559;-1,56470443;1,6563202;;-1,57018422;-1,43992597;-1,63842857;-1,30109718;-1,36369561;-1,24060922;-1,54703148;-1,33572078;-1,52897788;-1,5417008;-1,34975188;-1,28100034
Ярославская область;;13,2;17,3;17;16,4;16,3;18,3;18;19,6;20,5;20,8;20;20,1;18,5;17,8;17,7;16,9;17,2;15,8;15,9;15,8;15,5;15,6;Ярославская область;24,2;24,5;24,6;24,4;24,3;24,2;24,4;24,2;24;24;24,5;24,8;25,1;25,3;25,8;26,3;26,6;26,9;27,3;27,6;28;-11,4;17,7;Ярославская область;1397;2111;2156;1945;2069;2617;2562;2355;2258;2377;2741;3389;3056;2638;2247;2037;1673;1454;1359;1210;1220;1711;Ярославская область;;21,3;20,4;18,5;22,5;27;30,7;26,8;21,4;19,3;16,6;17,4;13,7;15,1;14,5;16,1;12,8;13,4;10,9;10,6;9,9;10,5;;11,3;7,6;7,3;7,1;7,3;6,8;7,3;8,1;8,6;9,1;9,4;9,2;9,4;9,9;10,4;10,9;11,2;11,1;11,9;12,1;11,9;12,2;Ярославская область;69,2;69;67,5;65,1;63,4;64,9;65,8;66,9;67,2;65,2;65,2;64;63,3;63;63,8;63,9;66,1;66,9;67,5;68,5;68,4;69,95;69,87;70,45;70,64;70,98;Ярославская область;;23,5;44,7;44,5;48,1;35,4;36,2;34,6;41,5;43,6;39,9;36,2;35,1;30,4;33,1;36,5;36,3;34;33,7;40,1;38,4;36,6;Ярославская область;;816,5;761;804,6;840,9;998,6;973;929,5;947,9;961,8;937;894,5;927,5;975,7;982,8;1027,5;906,6;896,8;881,1;846,1;840;857,5;;-0,647290633;-0,777946743;0,891889485;;-0,96949025;-0,8924719;-0,800462009;-0,635835198;-0,697205511;-1,00374717;-0,846572017;-0,685851832;-0,668289719;-0,899980901;-0,823550175;-0,839027533
Республика Карелия;;10,1;16,3;14,3;13,2;13,3;15,1;16,5;17,4;18,7;19,9;18,5;18,5;17,5;16,6;17;16,3;16,2;14,8;15,4;14,6;14,6;15,3;Республика Карелия;18,6;18,9;19,1;19;19;18,9;19;19;18,9;19,1;19,8;20,4;21;21,5;22,2;22,9;23,5;24,1;24,7;25,4;26;-11,9;15,3;Республика Карелия;1478;2344;2361;2028;2329;2517;2550;2620;1861;2287;2194;2200;2540;2096;2281;2299;2129;2224;1799;1744;1998;2487;Республика Карелия;;23;20,5;19;22,9;25,4;22,3;23;18,8;19;18,5;16,4;15,4;17;16,7;17,1;14,9;15,7;13,6;14,1;14,2;16,4;;13,2;8,5;8,3;8;8,2;7,9;8,7;9,4;10,1;10,2;10,4;9,9;10;10,6;11,1;11,5;12,1;12;12,6;11,9;12,3;12,2;Республика Карелия;68,8;68,2;65,5;62,7;61;60,8;63,8;65,2;65,4;63,4;62,9;62,4;61,5;60,5;61,5;61,8;63,5;64,8;65,1;66,2;66,4;67,95;68;69,19;69,36;69,16;Республика Карелия;;33,4;64,7;61,9;53,4;38,7;41,9;41;45,3;48,4;48,2;46;45,2;34,9;40,7;46,5;39,2;47,5;43,6;45,3;48,8;45,3;Республика Карелия;;809,7;745,6;823,4;816;906,9;1002,2;1006,7;1027,2;1083,5;1057,3;1001,4;1009,3;983,6;1005,5;1052,4;1078,8;1100,9;1076,1;1115,4;1113,8;1114,3;;-0,0813225056;-0,0283198731;0,347854226;;-0,173525043;-0,147462055;-0,282532127;-0,129546126;-0,0723232818;-0,911350501;-0,394637869;-0,0402490151;0,254915875;-0,511300021;-0,442439787;-0,471007384
Республика Коми;;7,4;12,6;11,6;10,5;10;10,7;12,9;13,5;14,9;15,6;15,2;15,5;14,2;13,1;13,2;13,3;13,1;12,4;12,2;12;12,2;12,4;Республика Коми;13;13,4;13,7;13,8;14;14;14,1;14;14;14,2;14,8;15,3;15,8;16,2;17;17,7;18,4;19,1;19,7;20,4;21,2;-18,8;15,8;Республика Коми;1358;1809;1798;1618;1759;2027;2271;2447;2284;2718;2669;3133;3629;2919;2552;2476;2176;1928;1986;2249;2388;2780;Республика Коми;;18,4;19,3;14,8;16,1;20,9;26,3;21;19,4;18,5;16,9;15,3;15,2;14,5;15,9;16,6;15,6;16,3;13,4;13,7;14,3;14,6;;13,4;9,3;9,2;8,9;9,3;8,5;9,4;10;10,9;11,3;11,5;11,1;11,1;11,9;12,2;12,4;12,9;13,1;14;14,2;14,2;13,7;Республика Коми;68,2;67,9;65,5;62;60,4;61;62,9;64,9;65,5;64,9;63,5;63,4;62,2;61,5;62,1;62,1;64;65,6;65,9;66,3;66,9;67,95;68,33;69,27;69,05;69,4;Республика Коми;;40,3;60,6;54,9;55,4;52,4;46,5;45,3;46,6;44,6;40,7;40,8;36,2;29,5;35,3;37,9;33,4;31,5;32;34,7;36;38,4;Республика Коми;;916,4;881,9;912,5;896,2;944,9;1092,3;1008;1063,7;1043,6;984,8;943,1;940,7;956,9;950,8;982,7;1035,2;1047,2;1053,5;1047,4;1054,8;1072;;0,890665936;0,815650998;-0,457017997;;0,01151071;0,157920523;0,28557948;0,181208805;0,328594861;-0,226139329;0,187254124;0,281904791;0,529831335;0,386875997;0,262346244;0,0358269638
Архангельская область;;9,8;14,6;13,7;13;12,8;15,1;16,3;16,2;17,5;17,9;17,5;17,1;15,9;14,9;14,8;14,5;14,6;13,9;13,6;13,3;13,3;13,5;Архангельская область;17,7;18;18,2;18,2;18,3;18,2;18,5;18,5;18,3;18,5;19;19,5;20;20,5;21,2;21,9;22,5;23,2;23,8;24,5;25,2;-15,3;12,9;Архангельская область;1383;2406;2491;2192;2044;2412;2051;2041;1672;1760;2139;2411;2910;2828;2413;2124;2022;2033;1903;1770;1661;1964;Архангельская область;;26,2;26,8;23,9;31,6;42,6;33,5;27,4;26,5;23,5;19,7;17,6;17,4;16,1;14,6;14;14;14,4;13,2;14,1;14,1;15,8;;13,5;8,7;8,5;8,4;8,7;8,1;8,8;9,6;10,4;10,8;11;10,7;10,9;11,9;12;12,3;12,6;12,2;12,8;12,8;12,6;12,4;Архангельская область;69,1;69,1;66,4;63,2;61,7;62,8;64,2;65,7;65,8;63,3;62,8;63,1;62,2;62;62,4;63;64,9;66,3;67;67,7;67,9;68,75;69,65;70,16;70,23;70,71;Архангельская область;;42,6;64,2;60,5;63,5;46,7;47,7;47,8;51;50,6;46;41,8;37,6;29,8;38,6;38,9;39,1;37,9;38;34,3;37,1;33,5;Архангельская область;;757,3;722,4;768,1;752,7;846,6;915,3;918;926;930,2;930,3;921,3;985,2;967,9;965,9;1022,7;1048,5;1061,1;1067,3;1028,9;1007,5;1030,9;;-0,0234508888;0,162473641;0,17439218;;-0,0409052798;-0,00468757293;0,0817193677;0,0418126146;0,149926749;-0,584362652;-0,176703283;-0,110972519;0,330658937;-0,0346108321;-0,12169339;-0,309433365
Вологодская область;;11,9;16,2;15,6;14,7;14,4;15,8;16;17,4;18,4;19,8;19,1;18,8;17,1;16;16,4;16,3;16,7;15,7;15,1;15;14,8;14,8;Вологодская область;21,8;21,9;21,9;21,7;21,5;21,4;21,5;21,2;20,8;20,8;20,9;21,1;21,4;21,6;22,2;22,7;23,2;23,7;24,2;24,8;25,4;-13,3;16,8;Вологодская область;1134;2023;2082;1922;2331;2665;2677;2603;2158;2415;2711;2997;2849;2799;2438;2266;2027;2108;1990;2045;2052;2458;Вологодская область;;19,9;21,1;18,6;22,7;33,5;25,5;23,1;22,8;20;17,9;18,3;16,5;14,8;15,8;18,4;16,8;17,1;13,2;13;12,9;14,2;;13,4;8,6;8,4;8,3;8,2;7,9;8,8;9,4;10,1;10,4;10,7;10,5;10,9;11,6;12;12,4;12,5;13;14;13,8;13,6;13,7;Вологодская область;69,3;69;67,1;65;63,6;64;65,1;66,4;66,9;65,4;65,7;64,2;63,7;62,2;62,8;63,2;65,4;67,1;67;67,4;67,1;68,36;69,21;69,35;69,74;70,4;Вологодская область;;32,9;56,6;56,7;53,6;34,6;30;30;36;34,9;31,6;27,6;29,9;22;24,5;34,4;31,3;31;30,7;32,5;34,7;34,1;Вологодская область;;736,3;685,1;722,5;745,1;799,6;850;836,5;826,9;810;808,2;803,1;864,6;836,3;854,4;887,1;886,3;882,4;867,9;849,2;853,1;889,4;;-0,166745769;-0,232531614;0,197674258;;-0,97272162;-0,836582485;-0,32591846;-0,543305392;-0,510712452;-0,359460679;-0,244021696;-0,258592431;-0,0495537122;-0,208751753;-0,308873868;-0,31376681
Калининградская область;;9,8;13,6;13,1;13,1;13,4;14,2;15,2;16,1;17,3;18;18,1;18,2;16,5;15,4;15,3;14,6;14,2;13,3;13,2;13,1;13,3;13,2;Калининградская область;18,9;19,3;19,4;19,4;19,4;19,3;19,4;19,4;19,4;19,6;20;20,4;20,8;21,2;21,7;22,1;22,6;23,1;23,5;24,1;24,6;-3,4;17;Калининградская область;1387;2471;2256;2019;2290;2515;2304;2579;2123;2365;2554;2399;2496;2313;2036;2108;1792;1609;1582;1514;1612;1697;Калининградская область;;27,2;25,6;25;25,5;30,2;37,7;39,1;39,6;28;25,5;20;14,3;12,4;13,6;13,3;12,4;12,7;10,8;12,4;12,1;13,4;;12,7;8,6;8;7,6;8,1;7,4;7,9;8;8,9;9,3;9,1;8,9;9,3;10,9;11,3;11,5;11,4;11,8;12,4;12,4;12,6;12,7;Калининградская область;68,7;68,5;67,2;64,2;62,9;64,7;65,7;65,9;65,8;64,9;63,6;63;62,2;61,4;61,4;61,5;64,1;65,8;66,5;67,7;68,8;69,9;70,12;70,51;70,28;70,58;Калининградская область;;31,2;54,5;51,6;50,2;40,3;43,3;41,2;48,4;42,3;37,8;36,2;37,6;33,6;43,2;42,3;41,7;47,3;41,7;44;42,3;39,7;Калининградская область;;555,5;550,5;568;583,4;610;598,8;605,2;626,2;640,5;668,9;700,4;747,5;735,4;758,5;820,7;799,9;811,8;811,8;810,5;755,1;701,5;;-0,504191729;-0,680213414;0,443483874;;-0,734836868;-0,790837718;-0,658089297;-0,226954413;0,112182383;-0,506212443;-0,360872776;0,0536095862;0,0919704276;-0,336824009;-0,235590284;-0,0298655162
Ленинградская область;;12,5;18,2;16,2;15,3;15,5;17,8;18,8;19,9;20,4;21,1;20,3;19,9;18,7;17,6;17,3;16,3;15,8;14,7;14,7;14,4;14,5;14;Ленинградская область;22,3;22,7;22,8;22,8;22,7;22,6;22,8;22,7;22,5;22,6;22,7;23,1;23,5;23,8;24,3;24,7;25,2;25,6;26,1;26,6;27,2;-9,1;16,8;Ленинградская область;1624;2489;2198;2121;2228;2728;2587;2639;1885;1781;1931;2190;2226;2190;1969;1978;1658;1429;1190;1146;1102;1143;Ленинградская область;;29,5;24,1;24,7;35,5;53,1;50,9;48,1;42,1;36,8;24,4;20,5;14,3;12,6;12,8;13,4;12,6;13;11,9;10,5;10,4;10,9;;11;7,2;6,9;6,9;6,9;6,5;6,7;7,2;7,8;8;8,3;7,8;7,9;8,3;8,8;9,2;8,8;8,6;9;8,8;9,1;9;Ленинградская область;68,3;67,9;66;62,5;61,3;62,3;65;66,4;66,7;64,2;63;62;61,9;61,5;62,3;62,4;63,7;65,3;65,9;67,5;68,1;69,44;69,77;70,36;70,28;71,23;Ленинградская область;;26,3;49,3;47,6;45,7;35,3;36,9;36,7;41,7;41,8;41,6;35,1;33;29,2;32,5;34;32,7;33,4;33;33,6;35,9;33,8;Ленинградская область;;532,1;498,5;484,3;519,4;541,8;543,1;546;538;548,6;524,7;529,7;541,7;524,5;557,8;584,7;548,5;553,4;554;533,4;584,6;617;;-1,55506255;-1,62733983;1,11636852;;-1,04063145;-1,34320758;-1,50390698;-1,12741251;-0,961856642;-0,695136869;-0,944093559;-0,886798266;-1,10544933;-1,18855797;-1,03853255;-0,978197832
Мурманская область;;6;11,4;10,1;9;8,8;10,1;11,6;12,2;13,2;13,9;13,4;13,8;13,2;12,2;12,5;12,5;11,9;11,5;11,3;11;11,4;11,6;Мурманская область;12,1;12,6;12,9;13,1;13,2;13,2;13,5;13,5;13,6;14;15,2;15,9;16,7;17,2;17,9;18,5;19;19,5;20,1;20,7;21,2;-12,6;12,7;Мурманская область;1071;1419;1388;1171;1457;1865;1817;1975;1728;1678;1607;2102;2524;2437;2248;1958;2113;2019;1834;1716;1676;2428;Мурманская область;;22;18,1;16,4;17,9;21,3;24,9;22,3;22,6;21,2;19,8;19,7;18,3;15,5;14,7;14,7;13,2;13,6;11,1;10,8;10,9;12,7;;11,5;8,1;8,3;7,8;8,1;7,6;8,6;9,1;9,8;9,9;10,2;9,8;9,8;10,3;10,7;10,8;11,7;11,5;11,8;11,9;11,7;11,9;Мурманская область;70,2;70,4;67,8;64,5;62,5;63;64,7;66,9;67,6;66;64,5;64;63,5;63;63,6;63,8;65,2;66,8;66,7;67,2;68,4;68,93;69,81;70,46;69,97;70,24;Мурманская область;;35,5;48,5;43,1;42;34,2;37;36,5;44,3;44,3;39;36,3;34,5;33,8;34,5;39,4;36,5;38,2;36,8;42,2;46,1;44,7;Мурманская область;;743,4;737,7;773,9;739,1;821,3;870,1;873,3;838,3;826,3;817,3;780,4;815,7;818,1;816,5;855;891,9;851,2;853,3;896,7;850,3;835,5;;0,894142682;0,733284664;-0,306481739;;-0,124995289;-0,0745008045;0,00896760506;0,211669047;0,0639882185;-0,237808364;0,0317321541;0,161608232;0,185580198;-0,158503934;-0,163533341;0,00829431381
Новгородская область;;14,1;19,7;18,2;17,1;17,5;19,1;20,1;21,3;22,3;23,5;22,4;22,5;21,5;20,1;20,9;20,4;20;18,4;17,9;17,8;17,4;17,5;Новгородская область;24,3;24,7;24,8;24,6;24,6;24,4;24,6;24,5;24,2;24,1;24,3;24,5;24,8;25,1;25,6;26;26,5;27,1;27,7;28,2;28,7;-9,3;17,1;Новгородская область;1377;2428;2328;2141;2135;2534;2517;2411;1966;1901;1836;2299;2485;2340;2268;2187;1841;1773;2018;1897;2066;2117;Новгородская область;;22,8;17,2;17,6;17,7;32,7;34,2;31,4;30,8;27,7;26,7;23,8;19,9;20,3;17,8;16,6;14,9;15;11,7;12,1;12,2;13,9;;12,2;7,9;7,5;7,4;7,9;7,2;7,5;8,2;9;9,2;9,5;9,3;9,8;10,7;10,6;11,2;11,3;11,3;12,1;11,8;12;11,9;Новгородская область;67,6;67,2;65,5;62,6;61,2;62;63,8;65,1;65,2;63,7;62,8;62,4;61,9;60,6;61,5;61,8;62,8;64,1;63,8;64,6;65;66,46;67,55;67,67;68,41;68,7;Новгородская область;;41,3;58,2;58,3;52,6;40,5;44;38,1;44,9;45,2;39,3;37,1;34,5;30,9;26,8;36,4;33,1;34,1;36,7;37,8;37,7;36,4;Новгородская область;;725,7;730,4;759,2;772,5;761,7;796,8;811,5;809,4;863,2;817,4;835,1;894,9;856,3;869,7;905;881,7;897,1;897,1;939,6;931,2;896,5;;-1,26759557;-1,2348996;1,10507757;;-0,986494599;-0,942171669;-0,963590451;-0,595326136;-1,07770203;-1,27654566;-1,03550111;-1,01958386;-0,630718507;-1,1031096;-1,06075903;-1,02692484
Псковская область;;15,1;20,8;19,5;19,3;19,1;21,4;22,3;22,8;23,8;24,9;24,2;24,6;23,4;21;21,8;21,1;21,2;19,4;19,6;18,6;18,4;18,2;Псковская область;25,4;25,7;25,7;25,7;25,5;25,3;25,4;25,3;24,9;24,8;24,8;25;25,3;25,5;26;26,5;27;27,5;28;28,5;29;-7,9;17;Псковская область;1650;2494;2194;2155;2308;2629;2640;2347;1724;2073;2172;2535;2597;2340;2099;1901;1820;1689;1567;1410;1358;1687;Псковская область;;42,7;32,4;27,4;34,1;47;44,8;37,5;27,5;21;18,3;19,3;18,5;17,1;16,1;16,5;15,6;16,7;15,4;16;16,1;18,8;;11,9;7,7;7,6;7,5;7,4;7;7,4;8;8,5;9;9,1;8,8;8,9;9,7;10;10,4;10,5;10,5;11,1;11;10,9;11;Псковская область;68,1;67,6;65,7;62,5;60,4;62;63,4;64,4;64,3;62,5;61,9;61,5;61,1;60,2;60,7;60,2;61,2;64,1;63,6;64,5;64,6;66,47;66,53;67,82;68,07;68,48;Псковская область;;43,9;62,2;60,6;58;46,7;40,3;40,5;45,8;49,3;40,9;39,1;35,9;29,3;31,6;32,9;32,3;37,4;37,3;38,5;40,3;37,1;Псковская область;;562,5;502,6;528,4;555,9;583;617,2;601,2;620,8;629,8;606,1;593,2;610,7;621,2;660,8;802,8;677,2;676;680;697,7;667,1;660,6;;-1,97950779;-1,83411267;1,62413159;;-1,46689178;-1,48519927;-1,60209217;-1,10760114;-1,15206283;-1,29935863;-1,20320585;-1,11841102;-0,938082511;-1,14218484;-1,06401541;-0,800139787
Республика Дагестан;;6,2;7,5;7,6;7,5;7,5;7,5;6,5;6,1;6,2;6,1;6;5,8;5,9;5,6;5,6;5,9;5,9;5,8;5,7;5,5;5,5;5,4;Республика Дагестан;12,3;12,2;12,1;11,7;11,4;11,3;11,1;10,9;10,8;10,8;10,4;10,3;10,3;10,4;10,6;10,8;11,1;11,4;11,8;12,2;12,8;-2,4;20,9;Республика Дагестан;692;673;668;611;661;679;637;608;553;471;430;519;623;551;453;456;403;429;464;474;464;504;Республика Дагестан;;72,5;67,1;52,6;59,6;67,8;72,6;69;59,7;47,3;30,1;24;14,9;13,8;10,6;9,2;8,8;8,3;7;10,1;10,1;11;;26,2;21,9;20,5;19,8;19,5;17,9;15,5;15,3;16,1;16;15,9;15,5;15,3;17;18,3;18,5;18;18,7;19,1;18,8;19,1;18,3;Республика Дагестан;73,1;72,6;72,1;70,5;70,5;70,4;70,3;70,5;70,5;70,6;71;71,9;71,9;72,3;72,6;73,1;73,2;74;74,1;73,7;73,9;74,26;74,9;75,63;75,83;76,39;Республика Дагестан;;;57,7;45,4;64,8;48,9;45,9;42,6;45,4;45,9;39,4;39,5;35,8;31,7;30,2;33;31,8;30,4;40,8;30,7;35,8;30,5;Республика Дагестан;;527,5;524,2;554;535,2;562,9;546,4;610,3;808,7;801,8;844,8;857,7;838,7;850,3;853,8;852,4;786,9;806,1;815,2;816,5;815,8;788,8;;2,9331987;2,95629309;-3,11817586;;2,09567701;2,30846402;1,98307249;1,87596696;1,45690954;1,87116159;1,27524432;1,83720514;1,72994665;1,89200501;2,10098301;1,87795624
Республика Ингушетия;;8,5;6,4;6,5;6,3;6,5;4,8;5,4;4,2;4,1;3,8;3,7;4,3;4,4;4;3,8;4,6;4,5;4;3,7;3,5;3,5;3,3;Республика Ингушетия;9,7;9,7;9,6;9,4;9,5;8,1;7,9;7,6;7,7;7,8;7,6;7,6;7,8;8;8,2;8,7;9,1;9,5;10;10,5;11,3;-3,4;20,8;Республика Ингушетия;;391;430;366;334;386;445;386;354;326;310;343;391;424;452;448;466;458;410;391;354;369;Республика Ингушетия;;98,4;91,4;70,2;74,3;90,5;94,3;88;87,4;81,4;73,3;63,2;56,4;44,8;37,6;36,2;22,1;18,5;17,1;19,5;24,9;31,9;;24,6;23,8;19,7;19,5;18,8;16,4;21,5;19,4;16,4;14,9;14,2;14;15,1;16,7;18,3;18,7;27,1;27;21,4;21,2;21,5;18,5;Республика Ингушетия;;;;;;68,8;68,8;69,5;67,9;70,2;72;74,8;74,4;74,4;74,6;73,5;73;75,2;76,1;74,1;74,7;76,29;77,8;78,84;79,42;80,05;Республика Ингушетия;;70,4;78,5;66,7;;67,7;53,9;52,9;55,3;56,5;60,8;65;50;58,6;37,8;42,5;47,7;50;45,8;25,9;34;41,8;Республика Ингушетия;;592,5;190;151,3;141,7;221,7;641,5;413,9;430,1;343,7;485,8;485,9;507,6;565,9;640,2;570,5;827,9;943,5;919,4;979,6;915,8;751,7;;4,36088521;3,94196283;-3,43189779;;4,10534671;4,04476425;3,60812779;4,27300876;3,55045877;4,01863158;4,02699717;4,39845291;3,35379417;3,33474784;3,79870116;3,79499594
Кабардино-Балкарская Республика;;8,5;10,4;10,4;10,1;10,4;10,5;10;9,9;10;10,2;9,7;10,4;10,2;9,8;9,4;9,8;9,4;9,4;9;9;8,8;8,8;Кабардино-Балкарская Республика;15,9;16;16,2;16;15,9;15,7;15,6;15,5;15,5;15,5;15,7;15,8;15,9;16,1;16,3;16,7;17;17,5;17,9;18,5;19,1;-3,6;21,6;Кабардино-Балкарская Республика;1030;859;844;817;850;971;871;1004;835;808;861;1037;1100;1211;986;990;1084;964;1024;1009;917;1004;Кабардино-Балкарская Республика;;46,2;44,3;44,2;51,1;51,9;57,5;52,3;36,6;31,9;26,5;24,7;22,2;18,3;16,1;16,3;15,7;15,3;14,2;18,6;18,5;21;;19,9;13,7;13;12,7;12,6;11,6;10,4;10;10,2;10,3;10,5;10;10,4;12,8;13,5;13,6;14,6;15;16;15,6;15,6;14,6;Кабардино-Балкарская Республика;71;70,5;70,6;68,9;68,7;68,8;68,8;69,6;69,5;69,2;69,1;69,2;69,1;68,8;69,6;68,9;69,6;70,6;71,9;71,4;72,1;72,44;73,27;73,71;74,16;74,61;Кабардино-Балкарская Республика;;38,1;48,5;53,1;58,3;46,6;44,1;43,5;47,6;53;57;59,4;53,5;36,1;35,6;39,5;38,3;41;37,1;38,8;39,2;41,7;Кабардино-Балкарская Республика;;393,8;374,3;366,1;378,7;364,2;331,1;328,1;347,6;341,3;354,4;377,4;392,4;387,8;391,7;399,5;399,8;405,8;402,6;448,7;434,7;466,2;;1,00905418;0,671880903;-0,602851591;;1,18829003;1,12365412;0,639802586;0,971649767;0,945603979;1,46787124;1,08475317;1,30577827;1,0428076;1,27773263;1,51954482;1,70322426
Карачаево-Черкесская Республика;;8,2;10,3;10,7;10,6;10,4;10,8;11,3;11,2;11,9;12,4;11,6;11,3;10,7;10;10,1;10;10;9,9;9,8;9,5;9,7;9,6;Карачаево-Черкесская Республика;18,5;18,8;18,9;18,9;18,8;18,6;18,5;18,3;18,1;17,9;17,3;17,2;17,3;17,4;17,7;18;18,5;19;19,6;20,1;20,9;-3,9;20,4;Карачаево-Черкесская Республика;;925;920;1013;1250;1359;1350;1364;1188;1247;1269;1456;1306;1309;1255;1112;916;832;777;766;729;865;Карачаево-Черкесская Республика;;48,5;55,6;41,5;52,2;61,2;62,5;54,4;40,9;35,6;28,5;26,1;20,8;18,3;17,2;16,2;17,7;18,8;16;19,5;19,4;23,6;;17;12,9;12,1;11,4;11,4;10,4;10,6;10,9;11,2;11,6;11,9;12;11,7;14,2;14,9;14,5;12,9;13,2;13,7;13,9;13,5;12,3;Карачаево-Черкесская Республика;72,3;71,9;71,4;69,9;69,1;69,5;69;69;69,3;68,7;68,4;69,1;68,7;68,2;69,8;69,6;70,7;71,9;72,2;72,3;72,4;72,85;73,38;73,94;73,91;74,44;Карачаево-Черкесская Республика;;47,2;57,2;53,7;48,4;38,3;43,8;40,7;41,6;51,1;47,5;42,6;47,8;32,7;32,9;32,3;34,8;33,9;32,7;21,7;28,9;25,7;Карачаево-Черкесская Республика;;441,3;444,7;463,3;428,2;620,9;488,9;537,9;497,6;526,8;506,2;486,2;499,5;470,1;472,7;508,8;449,4;495,1;587,4;676,3;574,1;690,3;;0,842926455;0,88590387;-0,835731895;;0,957097707;0,909498765;0,808039365;1,04888051;1,0549982;1,46061947;0,855522731;1,03979181;0,584846261;1,20497399;1,1129584;0,92938714
Республика Северная Осетия - Алания;;9,6;13;12,8;12,6;12,3;12,6;12,3;11,6;12,3;12,6;12,3;12,2;11,5;11;11,2;11,2;10,9;10,9;10,6;10,5;10,7;10,7;Республика Северная Осетия - Алания;19,8;20,1;20,3;20,3;20,4;20,4;20,4;20,3;20,2;20,2;19,8;19,8;20;20,1;20,4;20,6;20,9;21,3;21,7;22;22,4;-3,5;21,9;Республика Северная Осетия - Алания;1183;968;912;934;1003;1085;1072;1116;1005;962;814;973;1127;1206;1163;1208;987;931;886;857;848;955;Республика Северная Осетия - Алания;;44;40,1;34,7;39,7;40,6;33,2;40,8;36;28,1;18,2;16,8;16,3;12,9;11,9;13,8;10,5;12,6;10,4;12,1;12,1;14,1;;17,1;13,3;12,1;11,7;11,7;10,8;10,3;10,3;11,1;11,3;11,2;11,2;11,8;13,6;14,2;14,3;14,5;14,6;15,3;15,3;15,3;14,6;Республика Северная Осетия - Алания;71,3;70,5;69,7;67,9;67,2;66,5;67,1;67,4;68;67,9;68,4;69,4;68,8;68,6;68,4;69,6;70,7;71,7;71,4;71,9;72,7;72,59;73,41;73,94;73,82;74,2;Республика Северная Осетия - Алания;;36,9;52;51,3;49,2;39,9;36,3;33,6;39,4;47,9;46,1;45,2;44,2;39,8;39,3;37,6;39,7;39;39,6;41,2;40;37,4;Республика Северная Осетия - Алания;;482,8;493,3;514,7;499;520;543,9;568;622,8;580,3;569,5;601,6;659,2;678;693,2;718,7;646,5;685,5;677;698,4;709,6;707,3;;0,895041099;0,787183724;-0,774926927;;0,383100177;0,547172148;0,584957341;0,967051975;0,71144586;0,763012051;0,358483008;0,767782245;0,626846538;0,532698998;0,715346724;0,734619681
Ставропольский край;;11,5;13,5;13,2;13,1;12,8;13,4;13,6;13,7;14,6;14,9;14,3;14,2;14;13,1;13,1;12,9;12,4;12,3;12;11,7;11,7;11,6;Ставропольский край;20,6;20,8;21,1;21,1;21,1;21;21;20,9;20,7;20,7;20,4;20,4;20,6;20,8;21,2;21,5;21,9;22,2;22,7;23,1;23,6;-3,9;20,4;Ставропольский край;1181;1325;1400;1481;1657;1792;1756;1754;1423;1502;1630;1772;1677;1701;1542;1543;1299;1246;1276;1212;1197;1295;Ставропольский край;;40;31,4;35,6;39;45,1;45,2;43,1;39,4;33,6;28,7;24,5;21,6;18,6;19,6;19,3;18,5;18,3;13,7;11,8;11,6;13,5;;14,6;10,7;9,8;9,6;9,6;8,9;9;9,1;9,6;10,2;10,3;10;10,1;11,3;12,2;12,1;11,9;11,8;12,6;12,6;13;13;Ставропольский край;69,6;69,3;69;67,3;66,7;66,7;67,4;68,2;68,5;68,1;68;67,8;67,1;66,9;67,8;67,8;68,3;69,6;69,8;70,4;71;71,57;72,15;72,75;72,75;73,36;Ставропольский край;;25,6;44,1;51,2;52,9;36,1;32,5;32,3;37,1;41;33;30;25,6;19,8;20,3;23,2;23,9;23,1;22,7;26,6;26;22,6;Ставропольский край;;499,9;485,1;525,9;520,2;515,4;510,3;506,1;503,8;500;485,5;500,7;517,6;533,4;530,7;557,5;527,9;579,2;586,1;599,2;571,1;560,2;;0,113725166;-0,0228843113;-0,127957444;;-0,283023098;-0,353614573;-0,333303948;-0,28045033;-0,0816139767;0,787477907;0,386857621;0,143990332;-0,350643317;0,0501770733;0,147374521;0,103181817
Республика Башкортостан;;9,6;12,7;12,1;12;11,8;12,8;13;13,4;14,1;14,2;14,1;14,2;13,6;13,6;13,7;13,1;13,4;13,4;13,2;13,1;13,1;13,3;Республика Башкортостан;19,6;19,8;19,8;19,7;19,5;19,4;19,3;19,2;19;18,9;18,9;19,1;19,3;19,5;19,8;20,2;20,6;21,1;21,6;22,2;22,8;-14,9;18,8;Республика Башкортостан;698;1059;979;876;954;1127;1169;1441;1335;1447;1514;2183;2311;2199;1922;1858;1776;1683;1610;1288;1305;1742;Республика Башкортостан;;32,4;28,2;25,2;26,8;30,4;33,1;28,3;23,2;20,3;17,5;14,9;14,54;12,8;11,5;11,2;12,1;12,6;10,3;10,4;10,8;12,8;;16,1;11,2;11;10,7;10,8;10;10,1;10,4;11,1;11,1;11,2;10,8;11,1;12,7;13,4;13,7;14;13,8;14,6;14,6;14,8;14,5;Республика Башкортостан;70,5;70;68,6;66,1;65,3;66,2;67;67,6;68;67;66,7;66,6;66,1;66,1;66,3;66,6;67,5;67,9;68,1;69,1;68,9;69,04;69,32;69,63;69,76;70,08;Республика Башкортостан;;23,2;41,9;47,6;55,8;39,2;37,1;32,2;38,3;34,1;30,6;30,2;23,6;20,6;19;23,3;20,6;20,3;21;22;23,3;28,2;Республика Башкортостан;;768,9;770,5;814;797,1;877,4;858,9;841,1;865,6;831,1;797,6;807,5;873,8;924,8;912,6;908,3;894,5;860,6;847,6;841,3;862,6;849,8;;1,12292842;0,841589825;-0,560942079;;-0,441479688;-0,264536747;-0,0564533852;-0,209198882;-0,51297132;-0,0075766021;-0,0493477599;-0,209001634;-0,3233232;0,144763149;0,121289199;-0,0660441584
Республика Марий Эл;;10,3;13;12,4;12,6;12,6;14;14,9;15,5;16,6;16,4;16,8;17,1;15,9;15,2;15,2;14,9;15,2;14,2;13,7;13,7;13,7;13,8;Республика Марий Эл;19;19,1;19,2;19;18,8;18,6;18,7;18,6;18,4;18,3;18,5;18,8;19,1;19,5;20,1;20,6;21,3;22;22,7;23,4;24,1;-13,3;18,6;Республика Марий Эл;1189;2112;2089;1767;1929;2417;2497;2382;1748;1966;2383;3084;3156;3257;3128;2544;1782;1562;1373;1196;1078;1218;Республика Марий Эл;;42,7;56;51,3;59,1;56,3;60,2;58,8;52,5;49,7;46,5;39,7;29,9;27,5;25,4;24,2;24;24,2;20;19,5;19,7;22,2;;15,8;9,6;9,1;8,9;8,7;8,7;9,1;9,3;10;10,4;10,7;10,5;10,6;11,8;12,3;12,7;12,7;13,1;14,2;14,6;14,7;14,4;Республика Марий Эл;68,8;68,7;67,6;65,7;64,2;65,2;66,8;67,1;66,9;65,1;64,6;64,2;63,7;63,8;63,5;63,5;65;66,3;66,6;67,3;67,3;68,31;69,04;69,3;69,42;69,8;Республика Марий Эл;;43,6;58,7;53;55,7;44,2;51,4;43;52,5;53;47,4;41;39;26,7;28,4;34,2;30,1;32,3;28,4;32;24,9;30,6;Республика Марий Эл;;824,1;736,5;733;705;774,6;825,4;812;835,8;789,9;768,3;745;783,7;816,9;809,1;887,6;864;863,5;894,7;869,8;882,4;915;;-0,0843734492;-0,0127284013;-0,0799739211;;0,778802777;0,45108939;0,371185342;0,277188992;0,471610675;0,196150786;0,556632794;0,527870105;0,503101188;0,565185371;0,605951493;0,454173117
Республика Мордовия;;11,4;14,1;14,2;14,4;13,9;15,2;16,2;15,7;16,7;17,2;16,9;17,1;16,2;15,6;15,5;15,5;15,7;14,8;14,5;14,8;14,3;14,1;Республика Мордовия;22,3;22,6;22,6;22,4;22,2;22;22,1;22,1;22;21,9;21,7;21,9;22,2;22,6;23;23,5;24,1;24,7;25,3;26;26,6;-11,6;18,8;Республика Мордовия;1123;1794;1720;1331;1490;1772;1687;1592;1317;1513;1505;1980;1862;1683;1269;1140;1019;937;950;1031;1099;1137;Республика Мордовия;;35,1;45,5;37,9;45,4;67,1;52,9;48,5;43,7;36,1;31,9;29,8;28,3;24,2;20;19,2;18,3;20,2;18;18,2;17,2;19,5;;13,4;9;8,3;7,9;7,9;7,5;7,8;7,8;8;8,4;8,8;8,6;8,6;9,2;9,8;9,8;9,5;9,5;10;10,1;10;9,7;Республика Мордовия;70,4;70,3;69,4;67,7;66,5;67,5;68;67,8;68,6;67,3;66,9;67,1;66,4;66,1;66,6;66,7;67,9;68,5;68,9;69,2;69,3;70,11;70,72;70,56;71,38;72,06;Республика Мордовия;;56,9;67,2;63,3;64,4;48,6;48,9;38,5;43,4;45,9;42,8;43,2;37,8;22;20,1;28,1;24,1;25,8;25,3;27,2;29,6;27,6;Республика Мордовия;;621,1;587;597,3;601,2;575,1;650,4;627,9;667,8;674,9;696,8;687;707,3;703,5;722,2;753,4;725,7;710,3;691,3;713,5;684,5;683,7;;-0,476527774;-0,511420663;0,542671729;;-0,286216837;-0,185403338;-0,378340204;-0,560884074;-0,809673566;-0,216990273;-0,531373608;-0,435525725;-0,721583603;-0,40708276;-0,410832919;-0,476875819
Республика Татарстан;;9,9;12,9;12,2;12,3;12;12,4;13,1;13,2;13,7;13,8;13,6;13,8;13,1;13;13;12,7;13,1;12,4;12,2;12,1;12,2;12;Республика Татарстан;19,9;20,1;20,1;20;19,9;19,8;19,9;19,9;19,7;19,7;19,8;20;20,3;20,6;21;21,4;21,8;22,3;22,7;23,2;23,8;-13,6;19,3;Республика Татарстан;1234;1581;1403;1308;1402;1909;1854;1883;1525;1559;1685;2450;2795;2160;2156;1872;1552;1458;1353;1202;1164;1349;Республика Татарстан;;22,1;19,3;17,4;19,7;23,8;33,2;27,3;23,6;19,2;15,8;12,8;9,9;8,7;8,6;8,4;7,7;8,1;6,5;7,2;7;7,2;;15,3;10,4;10,1;9,9;9,8;9,3;9,4;9,5;10,1;10,2;10,3;9,8;9,9;10,9;11,8;12,4;12,9;13,4;14,5;14,7;14,7;14,7;Республика Татарстан;70,9;70,6;69,8;68;66,7;66,7;68;68,2;68,9;68,5;67,6;67,5;67,5;67,6;67,6;67,9;69;69,4;70;70,8;70,4;71,3;71,8;72,12;72,17;72,81;Республика Татарстан;;30,1;39,7;36,7;57,7;42;34,6;34,2;41,8;40,9;35,7;38,5;33,4;22,7;23,9;25,8;27,2;24,7;25,1;27,6;26,9;25;Республика Татарстан;;698,4;686,6;732,7;703,1;739;759,1;729,4;754,8;771,3;760,8;804,5;835;825,4;819,7;866,6;846,2;849,8;845,2;831,6;841,1;804,2;;0,601157775;0,463258442;-0,28727488;;-0,398737626;-0,177779963;-0,228829046;-0,518251771;-0,60369827;-0,285428361;-0,500624411;-0,279253197;-0,372789443;0,0264914851;0,0149937993;-0,185060175
Удмуртская Республика;;9,7;13,7;12,6;12,1;11,7;12,7;13,7;14,4;15,6;15,7;15,4;15,5;14,3;14,1;14;13,2;13,9;13,4;12,9;12,7;12,8;12,9;Удмуртская Республика;17,9;18,2;18,2;18;17,9;17,8;17,9;17,9;17,6;17,7;18;18,4;18,8;19,2;19,8;20,4;20,9;21,6;22,2;22,9;23,6;-15,1;18,3;Удмуртская Республика;1128;1915;1771;1513;1735;1993;1893;1927;1555;2109;2376;3497;4235;3454;2936;2542;2149;1841;1803;1779;1771;1947;Удмуртская Республика;;34,7;26,6;24,1;31;46,9;35,1;33,3;30,4;30,1;26,1;22,4;19;17,3;16,1;15;13,7;14;11,1;11,2;11,3;12,3;;15;9,4;9,1;9,4;9,9;9,7;10,2;10,5;11,3;11,5;11,7;11,1;11,3;12,8;13,3;13,8;14,2;14,4;15,3;14,6;14,5;14,6;Удмуртская Республика;69,4;69,3;67;63,9;62,8;63,8;65,7;66,8;67,5;66,5;65,8;65;64,1;64,1;64,3;64,4;66,1;66,7;67,3;68,4;68,1;68,88;69,73;69,92;70,03;70,46;Удмуртская Республика;;39,8;55,1;51,4;52,6;38,2;37,2;39,5;49,8;51;44,8;39,5;34,7;27,1;30;38;33,9;35,1;30,6;29,2;30,9;29,1;Удмуртская Республика;;819,7;834,9;858,4;827;841,5;888,5;875,2;886,9;940,9;912,8;894,5;889,5;891,6;871,7;939,3;958;947,7;919;942,2;945,4;968,2;;0,786491939;0,649290267;-0,348326259;;0,455105515;0,282013912;0,447971757;0,207502424;0,273315872;-0,0325871959;0,1446097;0,242120242;0,310789233;0,20548516;0,0908886884;-0,0871619261
Чувашская Республика;;10,1;13;12,4;12,3;11,7;13,3;14;14,3;15,1;15,3;14,9;15,3;14,8;14,7;14,6;13,9;14,5;13,6;13,3;13,1;13,3;13,1;Чувашская Республика;19,7;19,9;20;19,9;19,8;19,6;19,7;19,7;19,5;19,5;19,6;19,9;20,1;20,3;20,8;21,2;21,7;22,2;22,7;23,3;23,9;-12,5;18,7;Чувашская Республика;931;1688;1490;1333;1575;1819;1730;1755;1305;1614;1800;2621;2695;2156;1852;1693;1454;1441;1328;1140;1112;1268;Чувашская Республика;;27;27;28,4;43;57,2;51,3;44,8;40,9;31,9;30,8;27;21,4;20,6;19,3;19,5;18,2;19,3;16;16;16,1;17,5;;15,7;10,2;10;9,4;9,8;8,9;9,3;9,1;9,8;10,1;10,5;10,1;10,3;11,6;11,7;12,6;12,9;12,9;14;14;13,9;13,8;Чувашская Республика;70,3;70;69,3;66,9;66,2;66,2;67,2;67,6;68,7;66,9;66,4;66;65,8;65,9;66,3;66,3;66,9;67,3;67,8;68,9;68,5;69,66;70,31;70,79;70,62;71,35;Чувашская Республика;;27,9;49;47,6;52,8;40,6;42,2;33,3;41,3;42,3;36,5;31,8;30,6;21,9;22;27,6;29,3;28,5;31,7;29,9;29,6;29,2;Чувашская Республика;;704;681;661,8;704,9;721,9;802,7;742,7;780,3;812,5;820,9;851,4;953,7;1025;1040,5;976,4;936,9;996,9;1006,4;1039,2;1019;983,4;;0,438003831;0,182987949;-0,194602042;;-0,00675918217;-0,0924752628;0,0523963441;-0,133519993;-0,366658508;0,0885115443;0,14515515;0,217653075;0,404727687;0,361340626;0,283964205;0,0940401526
Пермский край;;10,8;15,8;14,6;13,9;13,3;14,8;16,2;16,5;18;18,3;17,7;18,1;16,7;15,9;15,8;15,3;15,3;14,7;14,2;14;14;14,2;Пермский край;19,5;19,7;19,7;19,6;19,4;19,3;19,3;19,2;19;19;19,5;19,9;20,3;20,7;21,2;21,7;22,2;22,6;23;23,5;24;-16,4;17,5;Пермский край;1370;2654;2679;2416;2624;3322;2971;3087;2595;3113;3494;4492;4941;4302;3599;3262;2780;2218;2441;2150;1969;2209;Пермский край;;25,2;20,8;17,8;20,5;26;25,5;24,3;23,4;21,8;20,3;17,1;14,4;13,8;14,3;14,8;13,2;14,4;12,2;11,4;12;12,6;;13,6;9,2;9,2;9;9,5;9,1;9,7;10,2;11;11,3;11,4;10,9;11;12,1;13;13,3;14,1;14,1;14,8;14,7;14,7;14,7;Пермский край;68,5;68,1;66,6;63,4;61,6;62,7;64;65,3;65,9;64,4;63,4;63,5;62,4;62;62,5;62,3;63,9;65,2;65,7;66,5;66,6;67,52;68,28;68,75;69,04;69,09;Пермский край;;31,1;48,8;49,3;54,2;44,6;41,1;37,2;45,1;41,2;37;35;29,6;25,6;25,8;32,4;26;32,7;23,8;27,6;30,2;30,1;Пермский край;;704,7;709;716,4;753,4;794,2;841,6;831,7;849,7;832,9;834,3;886,7;927,5;966,8;950,3;964,2;931,3;937,3;928,4;929,7;981,6;979,7;;-0,215989377;0,0255881685;-0,0269105045;;-0,347015485;-0,381578738;-0,0980796382;-0,28261451;-0,194947187;-0,517733713;-0,0813005852;-0,0731509734;-0,00138359722;0,0581143119;-0,0519265026;-0,261190779
Кировская область;;11,8;16,3;15,2;14,8;14,3;15,7;16,8;17;19;19,5;18,8;19,3;18;17,2;17,5;17,1;16,7;15,8;15,6;15,4;15,1;15,2;Кировская область;22,7;22,8;22,8;22,6;22,4;22,1;22,2;22;21,6;21,6;22;22,3;22,8;23,2;23,8;24,5;25,1;25,8;26,5;27,3;28;-14,6;17,9;Кировская область;982;1774;1702;1476;1574;1927;1923;2065;1455;1872;2188;2703;2520;2060;1855;1689;1599;1521;1604;1656;1692;1986;Кировская область;;31,5;30,2;30,2;39,6;51,1;45,2;42,2;34,5;31,3;26,9;26,8;23,5;22,1;17,5;18,4;14,2;15;12,4;13,6;12,7;14,9;;12,7;8,1;7,7;7,6;8;7,6;8,1;8,3;9;9,1;9,6;9,3;9,7;10,6;11,3;11,4;11,7;11,9;12,8;13;12,8;12,7;Кировская область;69,5;69;68;65,7;64,7;64,6;66,2;66,8;67,6;66,3;65,7;65,4;63,9;63,5;63,9;64,1;65,7;66,9;66,8;67,8;68,2;69,32;69,79;70,26;70,59;71,11;Кировская область;;36,6;58,3;56,9;60,2;45,1;46,6;43,3;52,6;49,8;38,6;37,9;33,6;24,3;26,4;28,5;25,1;30,4;27,5;30,6;29,8;29,9;Кировская область;;635,5;591,3;632,1;630,2;662,9;699,9;694,4;696;695,5;706,3;729,6;737,7;758,8;765,4;801,6;804,5;788,5;767,2;788,6;755;756,7;;-0,515452351;-0,595503957;0,823460565;;-0,631696443;-0,545220426;-0,518604028;-0,497149496;-0,627647686;-0,387263173;-0,633284543;-0,535077499;-0,610502168;-0,358710589;-0,450030276;-0,470842271
Нижегородская область;;13;17,5;16;15,8;15,8;16,9;18,1;18,7;19,3;20;19,8;20;19;18,3;18,2;17,4;17,9;16,4;16,1;15,9;15,9;15,5;Нижегородская область;24,5;24,7;24,7;24,5;24,3;24,1;24,1;23,9;23,6;23,6;23,6;23,9;24,1;24,3;24,7;25,1;25,4;25,8;26,2;26,7;27,2;-12,7;18,1;Нижегородская область;1496;1773;1712;1460;1527;1842;2075;2066;1521;1786;2118;2841;3200;3145;2616;2692;2431;1987;1676;1435;1177;1261;Нижегородская область;;22;19,2;17,3;19,5;31,8;35,4;27,2;22,8;22,7;20,4;17,5;15,9;14,2;13,5;13,4;12,3;12,5;10,3;9;8,5;9,6;;11,4;8;7,7;7,6;7,7;7,4;7,7;7,9;8,1;9;9,1;8,9;9,1;9,9;10,6;10,9;10,9;11;11,8;11,8;11,9;12,3;Нижегородская область;69,8;69,8;68,7;66,1;64,4;64,2;66,2;66,9;67,2;66,1;65,1;64,7;64,3;63,6;63,8;63,4;64,6;65,6;66,1;67,1;67;68,48;68,98;69,42;69,53;70,17;Нижегородская область;;29,5;48;48,5;50,7;37,1;41,9;39,3;45,6;45,7;38,8;35,5;32,7;23;26,3;32;28,7;28,2;28,1;28,2;31,2;31,6;Нижегородская область;;753,5;678;718,8;705,9;765,1;772,9;768,5;741,4;752,7;762,4;740,2;770,9;766,7;777,6;859,9;855,2;881,9;866,9;894,6;919,3;912,1;;-0,730847624;-0,853987278;1,08761796;;-1,00607523;-1,06373611;-0,984688104;-1,0781677;-0,962857043;-1,05518114;-0,985187931;-1,01224563;-0,909618439;-0,922071579;-0,972289112;-0,962922931
Оренбургская область;;9,6;13,5;12,8;12,7;12,8;13,6;14,4;14,7;15,1;15,2;15;15,7;15,2;15;15,1;14,3;14,5;14,3;14,1;13,9;14,2;14;Оренбургская область;19,2;19,6;19,7;19,6;19,6;19,4;19,4;19,3;19,2;19,1;19,5;19,8;20,2;20,5;20,9;21,3;21,8;22,3;22,8;23,4;24;-14,2;21,7;Оренбургская область;933;1534;1496;1371;1515;2095;1874;2043;1681;1725;1732;2384;2633;2348;2018;1887;1692;1530;1417;1348;1377;1540;Оренбургская область;;49,3;27,2;22,9;27,8;35,5;42,1;38,1;33,3;28,9;24,4;22;19,4;18,6;16,4;16;13,9;14,4;12,7;12,1;11,9;13,9;;15,2;10,3;9,6;9,4;9,8;9,1;9,7;10;10,8;10,8;10,9;10,5;10,9;12,1;12,7;13,3;14;13,9;14,8;14,8;14,6;14,2;Оренбургская область;70,3;69,5;68,4;65,9;64,8;65,2;66,1;66,5;66,7;65,7;65;65;65,1;65;65,3;64,9;66;66,4;66,5;67,6;68;68,31;68,64;68,9;68,73;69,63;Оренбургская область;;42,4;58,1;49;67,3;42,9;40,6;39,7;53,5;44,1;38;44,4;37,4;19,8;17,5;25,7;28,2;27;28,2;30,7;34,4;33,1;Оренбургская область;;889,7;822,3;821,4;799,4;792,1;842;832,4;877,2;902,9;908,5;876,4;873;879,8;849,7;867,3;857;851,9;820,5;811;789,5;779;;0,473150902;0,401217381;-0,284308279;;-0,0362444837;0,305330992;0,144510912;-0,286526257;-0,545985911;0,0765320297;0,000837109325;-0,0905376949;-0,0344626409;0,0633486534;-0,0425491268;-0,0218457176
Пензенская область;;12,2;15;14,8;14,9;14,6;16,2;17;16,7;17,6;17,9;18;18,1;17;15,9;16,1;15,6;15,9;15,2;14,9;14,7;14,8;14,8;Пензенская область;23;23,4;23,4;23,4;23,4;23,3;23,5;23,6;23,5;23,5;23,7;24;24,3;24,7;25,2;25,8;26,3;26,8;27,4;27,9;28,5;-11,1;19,3;Пензенская область;767;1121;1125;885;953;1067;1062;1176;805;1158;1451;1900;2485;2038;1611;1476;1223;1084;1001;950;988;1022;Пензенская область;;30,2;35,4;32,7;45,3;52,2;49,4;43,7;37,6;33,2;27,9;26;23,1;17,1;15,7;15;15,2;15,4;13,1;12,6;12,6;14,2;;12,3;8,2;7,7;7,4;7,5;7,2;7,5;7,5;8;8,4;8,6;8,4;8,6;9,7;10,2;10,3;10,2;10,1;10,8;10,6;10,8;10,7;Пензенская область;70,5;70,5;69,8;67,4;66;66,9;67,4;67,5;68,1;66,4;66,2;66,1;65,7;65,4;65,8;65,6;67,4;68,5;68,8;69,6;69,3;70,23;70,87;71,54;71,63;72,12;Пензенская область;;48,2;63,8;61,4;62,5;49,7;49,4;46,1;50,9;46,8;42,2;39,1;36;25,3;25,3;32,3;37;39,1;33,9;37,5;42,1;39,8;Пензенская область;;841,9;745,2;757,5;753,6;768,7;791,6;803,1;843,1;847,3;852,1;854,9;843,9;819,7;794,6;796,6;760,5;760,9;748,4;736,1;717,3;747;;-0,250812542;-0,476085019;0,815899099;;-0,549902688;-0,498288666;-0,555273653;-0,622777534;-0,823555268;-0,541158228;-0,616624981;-0,471127882;-0,662481408;-0,822267472;-0,681123653;-0,579253972
Самарская область;;11;14,8;14,3;13,4;13,6;15,1;16,4;16,4;16,3;16,4;16,2;16,1;15,5;15,1;15;14,6;15,2;14,4;13,9;14,3;14,3;14,2;Самарская область;20,3;20,6;20,8;20,9;20,8;20,8;21,1;21,1;21,1;21,2;21,7;22,1;22,5;22,9;23,4;23,9;24,3;24,9;25,3;25,8;26,3;-13,1;20,5;Самарская область;1097;1511;1423;1458;1604;1868;1856;1915;1775;1882;1900;2573;3283;3074;2833;2512;2106;1942;1884;1622;1580;1538;Самарская область;;21,2;19,5;19,1;18;22,7;31,2;29,8;27,7;21,1;18,9;17,3;17;15,5;16,7;15,8;15,1;15,2;12,3;12,1;12,6;13,3;;12,2;8,6;8;7,7;7,8;7,5;7,9;8,2;9,2;9,8;10,1;9,7;10,1;10,7;11,4;11,5;11,6;11,5;12,1;12,3;12,6;12,8;Самарская область;69,7;69,5;68,7;66,3;65;65,3;65,9;67,4;67,3;65,9;64,5;64,7;65,5;65,5;65,8;66,1;66,9;67,5;67,9;68,6;68,1;69,02;69,65;69,4;69,63;70,35;Самарская область;;24,8;40,7;45,9;49,6;37,6;37,5;34,8;43,9;41,9;36,2;37;31,3;25,1;24,5;34,1;29,2;27,8;23,1;25,4;26,7;31,3;Самарская область;;806,8;763,7;820,5;809,9;829,6;835;802,8;783,9;799;844;863,5;882,4;876,9;932,1;979,6;944,5;1019,1;997,2;1043,6;1016;1033,7;;-0,185763614;-0,310197994;0,250111336;;-0,573474053;-0,338813474;-0,212282262;-0,406959763;-0,363549657;-0,575023853;-0,340061822;-0,438472962;-0,470417302;-0,312082103;-0,361805129;-0,530453501
Саратовская область;;11,8;14,5;14,2;14,1;14,1;15,2;16,4;16,3;16,6;17;16,8;16,9;15,7;15,5;15,4;15,2;15,7;14,5;14,3;14,4;14,1;14,2;Саратовская область;21,1;21,6;21,9;22;21,9;22;22,2;22,3;22,2;22,2;22,5;22,9;23,2;23,6;24;24,5;24,9;25,3;25,7;26,2;26,7;-11,3;21,7;Саратовская область;1248;1601;1519;1443;1426;1677;1714;1688;1357;1442;1635;2061;2163;1897;1748;1639;1516;1302;1146;1132;1090;1195;Саратовская область;;35,3;36,9;27,2;31,9;38,4;41,2;38,7;34,4;29,2;27,5;24,9;21,7;23,1;21;19,5;16,4;17,3;15,9;15,4;14,9;16,9;;13,4;8,9;8,2;7,9;8,1;7,9;8,1;8,2;8,7;9,1;9,4;9;9,1;10,2;10,6;10,7;10,8;10,7;11,4;11,4;11,6;11,5;Саратовская область;69,5;69,5;68,6;65,7;64,7;66;66,5;67,5;67,7;66,1;65;65,4;65,7;65,3;65,6;65,9;67,3;67,9;68,3;69;68,9;;;70,67;70,95;71,4;Саратовская область;;43,3;53,3;45,2;54,7;38;44,9;40,5;43,4;42,3;37,5;37;35,9;24,5;26,8;34,4;33;30,4;25,9;31,7;32,2;33,2;Саратовская область;;543,5;579,1;642,3;630,2;665,6;701,5;670,9;668;667,4;675,7;684,8;675,5;709,6;708;747,4;749,6;756,4;738,3;763,5;736,6;751,2;;-0,34551228;-0,467175297;0,450246633;;-0,517799624;-0,462545971;-0,451575521;-0,32472346;-0,280690028;-0,122184586;-0,393228529;-0,328764475;-0,542903639;-0,369538797;-0,278039946;-0,296547633
Ульяновская область;;11,2;13,4;12,7;13,4;12,7;14;15,6;15,8;16,8;17,3;16,8;16,9;16,3;15,7;15,2;14,9;15,7;14,8;14,2;14,4;14,6;14,9;Ульяновская область;20,3;20,7;20,9;21;21;21;21,2;21,3;21,2;21,3;21,7;22,1;22,6;23;23,6;24,2;24,8;25,5;26,1;26,8;27,5;-12,4;19,4;Ульяновская область;966;1193;1146;1051;1248;1490;1696;1684;1333;1399;1494;2105;2545;2105;1714;1617;1368;1288;1280;1182;1220;1306;Ульяновская область;;16,1;15,2;16;17,3;29,5;44,5;45,2;40,7;33,3;31,6;28,8;24,2;20,7;19,5;19,6;16,4;16,8;13,3;13,3;12,1;14,7;;14,1;8,9;8,3;7,6;7,8;7,6;8,1;8,1;8,8;8,9;9;8,6;8,7;9,3;10,3;10,5;10,6;10,8;11,5;11,6;11,9;11,9;Ульяновская область;69,6;69,5;69,1;66,7;66;66,5;67,7;67,4;68,2;66,9;65,9;65,7;65;64,9;65,4;65,4;66,5;67,1;68,1;68,9;68,5;69,5;70,62;70,5;70,37;70,46;Ульяновская область;;39,3;57,1;58,8;63,6;53,3;53;48,8;57,8;58,3;49,5;47,5;40,6;27,4;31,7;35,9;32,2;28,9;30,2;34,2;39,3;41,6;Ульяновская область;;745,2;718,1;772,8;725,2;761,1;819,6;773,4;838,9;871,6;877,1;861,1;906,2;906,7;888,1;949,3;895;946,1;969;914,8;853;891,7;;-0,0864240158;-0,291770877;0,50316535;;0,0950087578;0,0823791768;-0,274792595;-0,41268899;-0,238070792;-0,398716983;-0,490091034;-0,435436816;-0,403680443;-0,493403014;-0,531656297;-0,431700411
Курганская область;;11,4;14,6;14;13,7;13,7;14,8;16,3;16,4;17,7;18;17,7;17,9;16,8;16,3;16,7;16,2;16;15,7;16;16,1;15,9;16,1;Курганская область;21,2;21,5;21,7;21,7;21,6;21,6;21,8;21,7;21,5;21,5;21,9;22,5;23;23,4;23,9;24,6;25,3;26,1;26,7;27,3;27,9;-16,9;19,4;Курганская область;1621;2660;2670;2386;2965;3855;4015;3316;2526;2871;3119;3877;3805;3505;2955;2623;2561;2392;2251;2182;2338;2572;Курганская область;;49,5;50,4;41,5;46,7;51,6;50;48,4;45,2;45,2;35,1;31,4;23,5;19,5;18,1;17,1;16,9;18,5;15,6;16,4;16,6;20,9;;14,5;9;8,6;8,3;9;9;9,6;9,6;10,4;10,3;10,7;10,4;10,6;11,6;12,4;12,6;12,9;12,8;13,9;14;13,6;13,4;Курганская область;69,2;68,8;68,1;65;64,3;65;65,9;66,8;67;65,6;64,5;64,7;64,1;63,6;63,8;64,1;65,4;66,5;66,5;67,2;67,7;68,36;68,35;68,27;68,75;69,03;Курганская область;;55,7;67,6;68,3;72,2;52,8;59,9;61,2;65,3;54,8;51,6;48,7;41,6;31;35,4;42,2;42,1;37;35,9;39,7;42;38,2;Курганская область;;794;773,8;831,7;789,8;793,7;879,9;817;869,8;831,8;843,1;801,3;847,5;841,6;823,7;901,4;865;868,8;816,5;889,7;914,8;925,2;;-0,746366094;-0,2318804;0,127634146;;0,57925054;0,428467148;0,18055497;-0,00801865108;0,159488555;-0,520335641;0,047625233;-0,102693573;0,190054796;-0,190623585;-0,295115233;-0,108096601
Свердловская область;;11,2;15,6;14,7;14;13,9;15,3;16,6;16,1;17,1;17,3;16,6;16,8;15,5;14,9;15;14,6;14,3;14,1;14;13,7;14;14,1;Свердловская область;20,6;20,8;20,9;20,8;20,7;20,5;20,6;20,6;20,4;20,4;20,8;21,2;21,6;21,9;22,4;23;23,4;23,8;24,2;24,6;25,1;-16,8;17,9;Свердловская область;1501;2508;2296;1969;2078;2490;2558;2673;2015;2397;2704;3501;3637;3235;2773;2588;2241;1798;1659;1603;1611;1669;Свердловская область;;29,5;25,6;23,1;30,2;31,7;28,8;27,7;24,3;17,8;15,3;12,8;12,3;10,6;10,8;11;10;10,5;8,5;8,2;8,3;9,7;;12,2;8,5;8,3;8,1;8,5;8;8,4;9;9,9;10,4;10,7;10,4;10,7;11,5;12,4;12,8;13,4;13,5;14,3;14,4;14,5;14,4;Свердловская область;69,2;68,8;67,2;64,6;62,9;63,8;64,8;66,4;66,5;64,9;63,7;64,4;63,8;63,7;64,4;64,5;66,3;67,4;67,6;68,3;68,8;69,29;69,5;69,81;69,76;69,83;Свердловская область;;28,3;42,7;45,6;49,4;40;39,9;37,5;41,9;44,9;37,3;35,4;29,5;25,5;29;36,9;29,4;28,8;26,7;29,3;31,1;30,3;Свердловская область;;653,6;617,5;606;591,1;633,6;684,6;642,3;665,7;686,4;685,8;711,1;720,1;735,9;703,9;734,5;727,8;739,7;734,1;766,8;747,8;728,1;;-0,597993855;-0,38638135;0,231857815;;-0,562371528;-0,561612624;-0,332684669;-0,461542945;-0,308134656;-0,338966128;-0,279475299;-0,341084299;-0,462691293;-0,223287623;-0,274351688;-0,289659715
Тюменская область;;6,3;9,8;9,4;8,6;8,3;8,5;9,3;9,6;9,9;9,9;9,7;9,9;9,4;9,1;9,2;9;9;8,5;8,4;8,2;8,3;8,3;Тюменская область;10,4;10,5;10,5;10,5;10,6;10,6;10,6;10,6;10,6;10,8;11,1;11,5;11,9;12,3;12,9;13,5;13,9;14,3;14,9;15,5;16,2;-18;14,9;Тюменская область;1683;2478;2294;1904;2308;2730;2476;2619;2363;2743;2937;3698;3920;3377;2761;2570;2423;2205;1892;1929;1779;1789;Тюменская область;;19,3;15,8;13,4;15,8;19,5;21,3;15,4;15,8;12,7;12,2;11,6;11,2;10,8;10,3;12,3;11,9;12,3;11;11,8;12,1;14,2;;15,9;10,6;10,4;10,4;11;10,3;10,6;11,4;12,4;12,9;13,3;13;13,2;14,3;15,1;15,5;16,1;16,1;17,2;17;17,1;16,6;Тюменская область;69,2;68,5;67;63,9;63,4;63,7;64,9;66,4;67,2;67,1;65,9;65,9;66;66,1;66,6;66,7;67,8;68,4;68,7;69,3;69,5;70,45;70,8;71,35;71,5;71,76;Тюменская область;;39,3;48,9;49,1;56,7;44,3;39,4;34,5;43,2;41,9;36,7;34,7;28,1;22,6;26,9;29,4;28,8;31,3;29,6;30,9;32,6;32,6;Тюменская область;;723;776,4;827,5;795,6;884;925,7;904,8;909,7;929,7;897,3;892,7;917,8;899,1;889,9;883,7;848,9;848;846,3;862,3;821,3;816,9;;1,51648984;1,69533028;-1,48727237;;0,624885743;0,79076133;1,12053549;0,601970933;0,642864548;0,822603658;0,980315915;1,12643034;1,20212927;1,33298881;1,32174;1,28109854
Челябинская область;;10,5;14,8;13,7;13,1;12,9;14,4;15,5;15,6;16,4;16,5;16,2;16,4;15,5;15;15,1;14,4;14,4;14,2;14,2;13,9;13,8;13,9;Челябинская область;20,4;20,6;20,7;20,7;20,5;20,4;20,5;20,5;20,3;20,4;20,7;21,1;21,5;21,8;22,3;22,8;23,2;23,6;24;24,5;24,9;-15,6;18,7;Челябинская область;1119;1987;1851;1742;1848;2377;2264;2262;1757;1956;2280;2787;3098;2820;2572;2440;2422;2216;2026;1941;1795;2018;Челябинская область;;27,9;27,2;22,1;26,9;32,3;30,7;34,3;29,7;24,5;21,1;15;12,4;11,7;10,7;11,1;10,2;10,8;10,1;11,2;11,7;13,8;;13,4;9;8,7;8,5;8,9;8,4;8,9;9,3;10,1;10,4;10,7;10,4;10,8;11,8;12,8;13;13,4;13,6;14,4;14,1;14,2;13,9;Челябинская область;70;69,8;68,7;66;64,7;64,4;65,9;67,1;67,5;65,9;64,7;64,9;64,5;64,4;64,6;64,8;66,2;67,1;67,2;68,2;68,4;68,79;68,97;69,52;69,71;69,9;Челябинская область;;31,2;46;44,6;49,7;37,8;38,5;42,2;47,4;46,1;39,8;36,9;32,7;24,2;27,9;37,3;31,2;32,7;28,6;31,8;32,1;32,7;Челябинская область;;727,6;673,8;717,7;689,4;745,5;779,7;725,5;728,8;739,5;750,6;754,3;784,2;819,8;826,1;845,3;870,7;890;881,9;876,1;873,3;862,3;;-0,0642701269;-0,0869269507;0,0989576009;;-0,238626053;-0,364656344;-0,257464213;-0,4251238;-0,358603317;-0,411564649;-0,293665166;-0,287281061;-0,145426434;-0,101582175;-0,096452478;-0,146712748
Республика Алтай;;10,9;13,1;12,7;12,6;11,6;12,4;13;14,1;15,1;15,6;14,8;15,7;14,1;12,7;12,5;12,2;12,2;12,2;11,5;11,3;11,1;10,9;Республика Алтай;15,7;15,6;15,3;15,1;14,8;14,5;14,2;13,9;13,6;13,4;13,5;13,6;13,8;14;14,4;14,9;15,4;15,8;16,3;16,8;17,3;-16,6;15;Республика Алтай;;2176;1995;2055;2202;2391;2591;2325;1842;2343;2307;2661;3118;3067;2945;2887;2483;2372;2261;2143;2044;2480;Республика Алтай;;26,2;45,7;39,2;47,8;62,9;59,8;54,3;39,3;38,3;36,8;36,4;36,8;33,8;26,5;32,2;17,7;18,6;18,5;20,9;20,7;24,3;;19,2;14,2;13,4;13,3;14,4;13,4;14,3;14,9;16;16,7;17,3;17,2;16,6;19,7;21,3;20,3;20,5;22,7;22,4;21,1;20,7;18,8;Республика Алтай;64,4;65,3;63,5;61,4;59,7;61;62,1;62,6;63,8;63,2;62,8;61,7;60,7;60;61,1;60,4;62,4;64,3;65;65,7;65,7;65,4;66,8;67,34;67,76;68,44;Республика Алтай;;55,6;65,8;67,6;67,2;56,3;52,9;37,1;38,2;34,9;39,8;34,4;30,4;25;31,5;25,6;39,7;32,1;29,7;28,8;29,1;32,9;Республика Алтай;;674,7;693,2;723,9;717,4;774,7;769,7;816,2;920,3;967,4;876,7;890,7;897,5;864,4;773,7;835,1;860,5;919,2;885,2;908,7;890,3;894,2;;1,11683375;1,54862207;-1,91158411;;1,73430223;1,76576402;2,14989938;2,0043943;2,40464442;2,36147627;1,75785494;1,87631285;2,21812415;2,18596586;1,97522522;1,80959445
Республика Бурятия;;9,1;12;11,8;11,6;11;12,6;13,1;14;14,6;15,4;15,3;15,6;14,4;13,3;13,4;12,9;12,7;12,7;12,4;11,8;11,5;11,4;Республика Бурятия;14,6;14,9;15;15;14,9;14,9;15;15;14,9;14,9;15;15,2;15,6;15,9;16,4;16,8;17,3;17,7;18,2;18,7;19,2;-23,9;15,9;Республика Бурятия;1670;2580;2681;2794;2816;3016;3118;3213;2478;2317;2609;3140;3648;3732;3494;3146;2731;2485;2419;2443;2519;2835;Республика Бурятия;;54,3;48,4;33;43,2;47,5;53,5;48,6;37,2;36,7;38,3;32,6;29,7;25;20,5;18,9;19,2;20,1;17,7;15,9;16,9;17,7;;18,2;11,7;11,6;11;11,3;11;11,6;11,8;13;13,5;13,8;14;14,8;16,1;17;17,4;17;17;17,5;17,6;17,5;17,3;Республика Бурятия;67;66,8;65,7;62,9;61,4;62,9;63,3;64;64,9;62,7;62,7;62;61,3;60,9;61,2;61;62,5;64,3;64,5;65,4;66,1;66,09;66,79;67,67;68,54;69,15;Республика Бурятия;;54,8;71,1;71,4;70,1;61;60,3;58,4;56,2;55,6;45,1;43,3;36,2;24,9;29,4;36,1;25,4;30,3;31,3;26,5;31,2;30,8;Республика Бурятия;;453;421,3;414,6;438,9;462,4;490,9;534,1;584;573,3;610,7;616,3;634,5;636,8;640,9;676,4;668,1;644,6;654,8;647,5;660;604,5;;-0,00913694069;0,334622086;-0,852675274;;1,19635646;1,1545454;1,44391802;0,976429985;1,28267962;1,11720397;1,27967776;1,00902635;1,21946034;1,18766178;1,11312557;1,18777655
Республика Тыва;;8,6;13;13,3;12,7;11,7;13,3;13,6;13,6;15;15,1;13,3;14,3;12,6;12,2;11,6;12;11,6;11;11,2;10,9;10,9;10,3;Республика Тыва;9;9,1;9,2;9,2;9,2;9,1;9,1;9,2;9,1;9,2;9,2;9,3;9,4;9,5;9,6;9,8;9,9;10,1;10,3;10,6;10,9;-28,3;16,4;Республика Тыва;3163;2713;2457;2242;2164;2403;2498;2905;2452;2951;2966;3343;3265;2506;2342;2092;1947;1799;1911;1973;2106;2682;Республика Тыва;;72,7;71,1;59,4;68;75,6;77,9;65,2;48,2;48,1;47,3;45,3;41,3;37,2;31,6;28;29,6;30,6;27,9;33,4;34,7;38,2;;26,2;20;18,4;15,8;17;15,7;15,9;16,3;18,8;20,5;20;19,4;19,3;24,4;25,2;26,1;26,8;27,5;26,7;26,1;25,3;23,8;Республика Тыва;62,5;60,9;60,2;57,4;54,7;55,1;54,8;55,3;57,3;55;55,2;55,3;53,8;54,2;56,4;55,8;58,2;58,8;60,1;59,6;60,5;61,39;61,09;61,79;61,79;63,13;Республика Тыва;;68,3;85,5;78,2;78,7;80,7;69,2;64,5;48,2;49,1;50,3;46,4;38,2;32,1;38,5;28,8;29,3;32,3;30,7;32,3;36,5;37,1;Республика Тыва;;679;625,1;612,2;580,6;590,2;625,2;578,1;687;656,3;637,3;677,4;645,6;588,1;562,7;601,4;583,2;615,2;622,4;647,8;711,9;664,8;;1,00821919;1,4924083;-2,5317948;;3,17387976;2,96614194;3,13819559;3,15628123;3,6839145;3,47944534;3,73993872;3,6174136;3,47053225;3,86576882;3,66694987;3,86396288
Республика Хакасия;;10,5;14;13,8;13,3;13,4;14,3;14,6;15,5;17;17,8;16,2;17,6;14,9;13,8;14;13,6;13,8;13,4;13,4;13,1;13,1;13,4;Республика Хакасия;17,1;17,3;17,5;17,4;17,3;17,3;17,3;17,2;17,1;17,2;17,4;17,6;18,1;18,5;19,1;19,7;20,3;20,9;21,4;21,9;22,5;-17,6;16,4;Республика Хакасия;;2222;1957;1789;1998;2188;2431;2233;1996;2854;2891;3572;3822;3267;2761;2692;2204;2029;2073;1975;2602;2568;Республика Хакасия;;24,7;25;24,5;36,6;40,5;40,2;37,5;31,8;28,5;26,9;27,2;24,3;20,5;17,4;18,7;18,4;18,6;16,3;16,6;17,5;17,7;;15,2;9,9;9,8;9,1;9,6;9,1;10,1;10,1;11,2;11,8;11,9;11,5;12;13,8;14,8;15;15;15,1;16;15,7;15,2;14,7;Республика Хакасия;66,7;66,7;64,9;61,1;59,6;61,7;62,2;63,2;63;62,7;62,8;62,2;61,2;60,5;62,3;61,1;64,4;66,1;66,4;67,1;67,1;67,75;67,64;68,57;68,83;68,68;Республика Хакасия;;36,5;55;60,4;59,9;49,9;45,9;46,8;47,3;47,6;37,8;34,8;35,1;30,1;27,1;32,9;27,8;29,6;35,8;39,9;38,3;35,8;Республика Хакасия;;515,3;703,1;637,4;649;696,8;748,8;731,7;766,7;781,5;783,7;806,8;782,5;795,4;811,4;828,8;802,9;820,8;834,1;870,8;909,2;835,5;;0,155653679;0,11121138;-0,163752291;;0,109265589;0,0413705118;0,622370743;0,623752731;0,463086629;0,495146922;0,681841329;0,522532692;0,925652355;0,569266814;0,471822951;0,364274577
Алтайский край;;11,1;14,7;14,3;13,8;12,8;13,8;14,3;14,7;15,7;15,9;15,8;16,9;15,5;15,2;15,3;14,7;15;14,6;14,6;14,2;14,2;14,1;Алтайский край;20,2;20,3;20,4;20,3;20,2;20,1;20,1;20;19,9;19,9;20,4;20,8;21,2;21,7;22,2;22,9;23,5;24,1;24,7;25,3;26;-16,5;20;Алтайский край;1132;1781;1918;1780;2073;2318;2143;2093;2057;2429;2298;2956;3166;2816;2452;2172;1981;1863;1752;1880;1847;2041;Алтайский край;;33,7;46,8;45,7;52,9;53,8;53,9;47,3;38,9;34;31,3;25,4;19,8;20,7;19,6;25,3;23,9;22,6;20,6;17,6;17;17,9;;12,9;8,7;8,4;8,4;8,8;8,7;9,3;9,6;10,3;10,8;10,8;10,3;10,1;11,3;12,3;12,4;12,7;12,7;13,7;13,4;13,2;12,6;Алтайский край;68,9;68,4;67,7;65;64;64,3;65,3;66;67,8;66,8;66,6;66,3;65,6;65,7;65,5;64,6;66,5;67,1;67,4;68,4;68,4;68,97;69,11;69,77;70,01;70,44;Алтайский край;;39,2;64,2;66,6;65,4;46,7;42,3;41,5;56;49;41,6;46,8;36,2;23,7;26,8;29,2;21,2;21,4;25;26,7;32;30,5;Алтайский край;;742,3;749,4;755,8;756;860,9;937;935,2;944,8;964,5;969,9;974,5;1014,4;1019,1;1028,1;1057,1;1035,7;1052,4;1087,5;1090,3;1082,3;1096,5;;0,410544933;0,421441564;-0,180697987;;0,249642558;0,382980903;0,044266376;-0,150966442;-0,065367588;0,0931630489;0,483288634;0,0527096363;0,383066035;0,266394446;0,000096478501;-0,33498046
Забайкальский край;;8,7;12,8;12,4;12;11,6;13,6;14,5;15,3;16,2;16,8;17,1;17,3;15,6;14,5;14,4;13,8;13,8;13,3;13,1;12,5;12,5;12,9;Забайкальский край;15,1;15,3;15,4;15,4;15,2;15,2;15,2;15,2;15;14,9;15,3;15,6;15,9;16,2;16,7;17,2;17,6;18,1;18,6;19,1;19,6;-27,8;17;Забайкальский край;1403;2784;2526;2128;2190;2551;2711;2911;2382;2496;2383;2922;3080;2944;2788;2731;2618;2764;2851;3203;2953;3075;Забайкальский край;;64,2;63,4;58,6;69,7;77,5;67;55,3;44,6;32,3;28,8;26,2;23,8;23,9;20,1;20;19;18,9;17,6;16,2;18;20,4;;16,7;12,2;11,3;11;11,7;10,9;11,8;12,5;13,1;13,5;13,8;13,5;13,9;14,9;15,9;15,9;15,9;15,5;16,2;15,9;16;15,4;Забайкальский край;66,8;67;65,5;61,5;59,7;61,5;62,3;63,3;64,2;61,7;61,5;60,3;59,8;59,7;59,4;59,3;61,5;63,1;63,9;64,8;64,8;65,75;66,24;67,11;67,38;67,34;Забайкальский край;;61,1;76,2;70,1;72,3;64,3;65,1;55,6;50,1;54;48,1;51,4;45,6;37,4;37,4;37,6;35,3;35,3;35,7;34,3;41,1;47,1;Забайкальский край;;590,6;561,1;510,8;533,6;517,8;593,5;611,2;681,2;675,7;620,3;637,3;659,5;643,2;643,9;727;741,2;725,1;737,5;737,5;763,7;695,2;;0,00445042537;0,400789008;-0,856009226;;0,862735131;1,00376607;1,01238477;1,10674565;1,2052316;0,788889747;0,975329185;0,680367378;1,18595707;0,758733172;0,708349614;0,997245559
Красноярский край;;9,6;14;13,3;12,7;13,2;14,1;14,8;14,6;15,3;15,8;15,1;15,8;14,1;13,5;13,8;13,3;13,5;13;13;12,7;12,7;12,7;Красноярский край;16,4;16,6;16,8;16,9;16,9;16,9;17;17;17;17,1;17,5;17,9;18,4;18,8;19,3;19,8;20,3;20,7;21,1;21,6;22,1;-28,1;12,8;Красноярский край;1518;2417;2367;2338;2282;2623;2397;2415;1883;2099;2247;2831;3377;3164;2918;2733;2508;2226;2061;2065;1973;2176;Красноярский край;;24,2;19,2;17,5;20,2;21,1;24,4;24,6;25,6;24,7;23;21,7;19,6;16,2;16,6;18,4;17,9;18,1;15,6;15,2;16,7;18,8;;14,3;9,8;9,5;9,1;9,4;8,9;9,3;10;10,7;11,1;11,2;10,8;11;11,8;12,8;13,2;13,6;13,5;14,5;14,4;14,4;14,4;Красноярский край;67,9;68;66,1;62,9;61,1;62,3;63,5;64,4;63,9;63,1;62,5;63;63;62,6;63,5;63;65,5;66,4;66,8;67,5;67,6;68,27;68,42;69,06;69,23;69,69;Красноярский край;;33,5;51,6;55,6;59,8;45,8;43,9;40,2;45,8;47,2;40,5;38;33,4;23,3;24,6;28,4;29;27,1;28,5;28,9;30,8;31,7;Красноярский край;;628,5;613,4;616,2;596,2;624,7;671,3;653,6;694,3;733,5;759,2;752,7;773;806,7;801,6;835;813,3;831,3;825,8;807,9;804,8;784,9;;-0,0753713851;0,154952076;-0,184105579;;0,0649723588;0,021735571;0,250932973;-0,10483984;0,040152166;0,254377856;0,503988759;0,256688488;0,423358942;0,44803805;0,438852072;0,474720818
Иркутская область;;9,8;14,6;13,3;12,6;12,6;14,3;15,5;15,8;16,5;16,9;16,5;17,2;15,4;14,3;14,4;14,3;14,4;14;13,9;13,6;13,7;13,6;Иркутская область;16,1;16,4;16,7;16,8;16,7;16,7;16,9;16,9;16,8;16,9;17,4;17,8;18,2;18,6;19,1;19,6;20,1;20,6;21,1;21,6;22;-23,6;16,4;Иркутская область;1688;2317;2191;2237;2461;2900;2856;2885;2693;2660;2750;3376;3630;3793;3496;3223;2707;2411;2481;2359;2200;2219;Иркутская область;;31,6;30;26,5;26,3;30,5;35,5;36,6;31,9;31,2;29,2;21,6;19,3;18,9;17,3;19,3;18,1;19,2;16,8;17;18,6;20;;15,8;10,6;10,5;10;10,2;9,7;10,7;11,2;11,8;12,3;12,4;11,9;12,3;13,8;15;15,2;15,2;15,3;15,9;15,7;15,3;15,3;Иркутская область;66,5;66,2;64,5;61,4;60;60,6;62,4;63,6;63,7;61,7;61,2;61,1;60,7;60,4;60,8;60,3;62,9;64,7;64,8;65,2;65,3;65,93;66,32;66,72;66,87;67,37;Иркутская область;;38,2;61,3;63,8;65;46,9;47,1;45,7;45,1;48,6;42,6;38,6;33,9;23,2;30,3;33,7;29,6;29,2;26,4;27,4;28,6;29,4;Иркутская область;;711,2;676,8;648;635,6;692,6;793,9;791,2;844,8;834,5;837,8;824,7;853,1;873;852,1;890,1;907,2;920,5;920,6;946,3;955,4;952,2;;0,0167388078;0,311200436;-0,544940791;;0,468021019;0,165011592;0,45753993;0,243611196;0,65157925;0,295533959;0,633000096;0,446283868;0,65254864;0,687659919;0,511261298;0,412956093
Кемеровская область;;11;16,6;16,1;15,2;14,3;15,7;16,7;16,9;17,7;18,3;17,9;18,9;17,5;16,8;16,6;16,2;16,1;15,5;15,2;14,5;14,6;14,5;Кемеровская область;19,8;19,9;20;19,9;19,9;19,8;19,7;19,6;19,5;19,5;19,7;20;20,3;20,7;21,1;21,7;22,3;22,8;23,4;24;24,6;-16;18,6;Кемеровская область;1283;1563;1427;1436;1617;1803;1908;2005;1611;1586;1619;1835;1992;2147;2433;2501;2375;2444;2386;2308;2271;2304;Кемеровская область;;16,1;19,7;17,6;23;29,8;28,5;25,4;23;20,2;16,3;13;11,7;10,9;9,9;12,1;11;11,6;10,6;13,9;14,1;15,7;;12,6;8,9;8,5;8,4;8,7;8,3;9;9,5;10,1;10,5;10,7;10,8;11,3;12,1;13;13,3;13,1;12,7;13,8;13,6;13,2;12,5;Кемеровская область;67,5;67,1;65,2;62;60,8;61,3;62,2;63,3;64,5;63,2;62,7;62,6;62,1;61,5;62,2;61,4;62,9;63,8;64,4;65,1;65,4;66,18;66,76;67,72;67,8;68,31;Кемеровская область;;33,4;49,2;53,3;51,9;46,7;44,4;46,6;49,9;49;40,9;36,1;34,1;27,9;28,6;34,1;31,5;31,1;34,2;36,8;39,7;36,6;Кемеровская область;;679,8;619,2;612;597,6;672;739,3;708,3;781,9;734,7;741,7;725,3;816,9;828,6;793,8;835,9;796,4;840,8;818,5;891,8;865,4;870,9;;-0,216658714;-0,254286248;0,384597124;;-0,526571634;-0,653732473;-0,479357058;-0,480863126;-0,527380692;-0,533766536;-0,483209163;-0,637683364;-0,112860864;-0,13742114;-0,292055911;-0,317209591
Новосибирская область;;10,6;14,1;13,8;13,1;12,8;13,5;14,2;14,5;15,4;15,5;15,4;16,1;15,2;14,7;14,5;14;13,9;13,6;13,6;13,4;13,3;13,1;Новосибирская область;20,2;20,4;20,5;20,4;20,4;20,3;20,4;20,4;20,3;20,4;20,6;20,9;21,2;21,5;21,9;22,4;22,7;23;23,4;23,8;24,3;-18;19,4;Новосибирская область;1554;2665;2519;2230;2297;2704;2506;2597;2135;2481;2648;3355;3611;3596;3175;2891;2490;2112;1902;1814;1699;1934;Новосибирская область;;39,8;29,3;30,1;44,1;50,8;52;46,5;39,4;32,2;25,7;21,9;20,7;18,7;17,2;16,4;16,3;16,5;14,1;14,4;15,2;18,2;;12,9;8,5;8,3;8,3;8,2;7,9;8,5;9,2;10;10,6;10,9;10,6;10,5;11,4;12,5;12,9;13,2;13,1;13,9;14,1;14;14,2;Новосибирская область;68,9;68,9;68,1;64,6;63;65,1;65,8;66,9;67,6;66,8;66,3;66,1;65,6;65,5;65,6;65,1;66,4;67,5;68,1;69;69,3;69,68;69,72;70,19;70,28;70,86;Новосибирская область;;27,5;45,7;44;52,3;38,6;33;31,8;41,3;40,5;37,1;37,4;28,9;21,5;24,5;30,6;27;27;28,6;31,5;32,4;34,6;Новосибирская область;;729,2;554,8;612,5;638,3;646,4;675,8;648,7;686,8;678,9;685,9;696,7;674,7;728,1;724,7;757,3;718,3;767,7;722,2;766,8;746,7;751,5;;-0,154143707;-0,0615545025;-0,237283932;;-0,105849649;-0,109027311;-0,0913633927;-0,299373856;-0,0107534012;0,0581678374;0,274068532;0,00379948841;0,0513870091;0,187818333;0,20388455;0,420075008
Омская область;;9,3;12,3;12,2;12,2;11,5;12,9;13,5;13,6;14,6;14,9;14,9;15,6;15;14,8;14,5;13,8;13,9;13,5;13,8;13,4;13,2;13,4;Омская область;18,4;18,7;18,8;18,8;18,8;18,8;18,9;19;18,8;18,9;19,2;19,5;19,9;20,2;20,6;21,1;21,6;22,1;22,6;23,2;23,8;-17,8;19,7;Омская область;1155;2273;2066;1784;1908;2346;2365;2395;1959;2214;2264;2699;2587;2406;2138;1920;1685;1511;1538;1472;1468;1554;Омская область;;29,7;25,2;23,4;25;34,6;44,4;30,2;24,3;21;17,8;16,3;15,8;14,2;13,9;15,5;14,1;12,7;11;12,1;12;13,9;;14,9;10,2;9,9;9,1;9,2;8,2;8,6;8,7;9,8;10,8;10,7;10,4;10,6;11,7;12,4;12,7;13,2;13,6;14,9;14,7;15,1;14,4;Омская область;69,7;69,4;68,9;66,3;65,4;66,2;66,8;67;68;66,7;66,2;66,4;65,8;65,7;65,6;65,2;66,1;66,5;67,5;68,7;68,8;69,5;69,25;69,74;70,13;70,41;Омская область;;41,2;57,9;55,5;67,4;58,5;50,2;45,7;56,9;52,1;40,2;42,3;37,9;25,2;31,7;37,4;33,9;30,2;29,3;27,1;26,6;26,5;Омская область;;768,9;746,7;746,6;720,2;744;801,7;815,4;854,8;838,2;830,4;823,2;841;829;836,9;850;839,1;849,2;960,5;995,4;968,4;920,8;;0,135226964;0,232324451;0,0190055819;;-0,162923111;0,012362658;-0,0383554985;-0,283764509;-0,0729175169;-0,0471710553;0,0190536649;-0,0421834291;0,034646186;0,195205908;0,201360312;-0,0962579428
Томская область;;9,3;13;13,2;12,3;11,8;12,4;13,2;13,4;14,4;14,5;14;14,6;13,6;12,9;13;12,9;12,6;12,2;11,9;11,7;11,7;11,5;Томская область;16,6;16,7;16,8;16,8;16,7;16,8;16,8;16,8;16,8;17;17,7;18,1;18,5;18,8;19,2;19,7;20,1;20,5;21;21,5;22;-20,1;18,3;Томская область;1731;2635;2722;2326;2352;2415;2402;2449;2038;2420;2700;3107;3249;3061;3019;2754;2786;2166;2182;1939;1923;2148;Томская область;;30,6;22,1;19,8;23,7;26,5;25,6;26,2;22,5;20,2;18,8;16,6;14,6;13,4;14,6;17,8;17,4;17,8;16,2;16,1;16,4;17,2;;13,4;9,1;9;8,9;9,4;9,1;9,5;9,7;10,5;10,6;11,2;10,7;11,1;12;12,8;13,2;13;13;13,6;13,8;13,7;13,6;Томская область;69,1;69,2;67,9;64,1;64,2;63,9;64;65,3;66,3;65,7;64,9;65,3;64,4;64,4;65,4;65,1;66,7;67,9;67,9;68,2;68,8;69,53;70,07;70,33;70,67;71,25;Томская область;;42,7;57,6;58,8;64;48,3;47,2;43,9;48,9;46,2;39;34,8;30,5;25,8;32,5;36,7;34,1;31,5;26,5;27,9;29,8;27,8;Томская область;;866,9;789,4;797,1;756,4;747,9;805,3;856,6;812,7;814,9;764,1;792,7;786,6;667,2;639;644,6;679,2;813,6;708,7;722,9;680,9;713,3;;0,411762149;0,555389192;-0,26675885;;0,0052526057;-0,117220995;0,108445183;-0,0419570466;0,390517413;0,478299021;0,597559611;0,391176735;0,374046851;0,569172063;0,490232783;0,408085036
Республика Саха (Якутия);;6,8;9,8;9,5;9;8,9;9,6;9,7;10,2;10,2;10,2;10,2;10,2;9,7;9,6;10;9,8;9,8;9,4;9,3;8,7;8,6;8,5;Республика Саха (Якутия);9,2;9,4;9,6;9,7;9,8;9,9;9,9;9,9;10;10,2;10,4;10,8;11,3;11,7;12,3;12,8;13,4;13,9;14,5;15,1;15,8;-36,6;13;Республика Саха (Якутия);1453;1483;1450;1373;1386;1683;1577;1660;1482;1528;1635;1999;2542;2427;2182;1973;1793;1578;1269;1133;1121;1236;Республика Саха (Якутия);;29,2;30;27,2;29,5;30,8;28,3;26,4;22,3;20,4;20,3;20;18,9;20,1;18,8;19,5;19;18,6;16,7;16,3;17,4;18,9;;19,6;15,3;14,3;13,8;13,7;13;13,7;13,9;14,6;15;15,5;14,3;14,4;16,1;16,2;16,8;16,8;17,1;17,8;17,5;17,8;17,1;Республика Саха (Якутия);66,2;66,3;64,4;63,3;61,9;62,2;63;64;64,2;63,4;63,7;63,2;63,5;64;64,2;64,7;65,5;66,1;65,8;66,4;66,8;67,67;67,93;69,13;69,81;70,29;Республика Саха (Якутия);;55,7;69,2;71,8;68,6;59;52,2;53,9;57;53,1;51,4;43,3;43,5;37;35,6;40,1;35,8;36;33,1;37,3;37,5;33,2;Республика Саха (Якутия);;784,4;765;782;707,8;728,9;773,5;784,5;846,4;847,1;847,7;884,9;957,1;939,8;987,1;1015,9;1023,4;1047,4;1066,5;1107;1098,1;1026,6;;2,05504154;2,06452513;-1,72668852;;1,8600317;1,61445053;1,8118772;1,77791952;1,46647721;1,15517537;1,48614853;1,64797028;1,71185409;1,57761341;1,76250489;1,53254857
Приморский край;;9,1;13,1;13;12,4;11,8;12,8;13,9;14,1;14,9;15,6;15,7;16,3;15;14,7;14,7;14;14,3;14,1;13,7;13,5;13,4;13,5;Приморский край;15,3;15,7;16,2;16,5;16,8;17;17,5;17,8;18;18,3;18,8;19,3;19,9;20,4;21;21,6;22;22,5;23;23,5;23,9;-16,2;18,2;Приморский край;1990;3095;2540;2290;2274;2686;2689;2571;2146;2359;2330;3050;4097;3830;3291;2830;2599;2338;2466;2700;2523;2455;Приморский край;;31,8;30,4;28,6;31,5;38,2;55,9;52,1;46,9;37,5;30,5;27,6;23;21,7;21,7;19,4;16,3;15,7;14,2;15,9;14,7;15,3;;14,7;9,4;8,7;8,3;8,3;8;8,6;9,3;10;10,5;10,6;10,4;10,4;11,2;11,3;11,8;11,8;12;12,6;12,7;12,8;12,7;Приморский край;67,8;66,8;65,5;62,6;62,2;63,1;63,4;64,6;65,5;64,6;63,7;63,9;63,7;62,8;63;62,8;64,4;65,1;65,5;66,7;66,6;67,17;67,79;68,19;68,74;69,21;Приморский край;;39,7;52,6;48,1;49,7;43,1;42,7;39,5;42,8;44,4;38,8;38;34,2;25,5;27,2;25,7;26;25;27,3;29,3;34;33,1;Приморский край;;762,7;665,8;642,2;666;654;703,5;719,2;739,1;752,1;727,9;723,3;718,3;761,2;771,3;819,9;796,1;812,4;768,6;796,6;758,3;704,8;;-0,17443283;0,104677348;-0,398925641;;0,0170931497;0,0348909554;0,160379201;-0,0358000635;0,14013925;0,019063315;-0,0128089367;-0,35415393;-0,0813604611;0,103492732;-0,121652768;-0,106458564
Хабаровский край;;9,2;13,1;12,7;12,1;12,2;13,1;14,1;14,9;15,6;16,3;16;16,6;15,3;14,7;14,5;14,2;14,6;14,5;13,6;13,3;13,3;13,4;Хабаровский край;14,7;15,1;15,5;15,7;15,9;16,1;16,5;16,8;16,9;17,1;17,9;18,6;19,1;19,6;20,2;20,8;21,1;21,5;21,8;22,1;22,4;-24,3;17;Хабаровский край;1814;2881;2693;2538;2719;3117;3111;3269;2975;3102;3055;3684;4565;4314;3940;3142;2401;2048;1977;2123;2210;2316;Хабаровский край;;28,9;24,3;21,3;21,7;22,8;35,5;32,1;26,5;24,5;23,4;21,3;18,2;15,7;19,8;18,9;15,9;15,8;14,3;12,5;13,2;13,7;;15,1;9,3;8,5;8,2;8,7;7,9;8,5;9,4;10;10,8;11,3;10,9;11;11,6;12,2;12,5;12,9;12,9;13,8;13,9;14;14,3;Хабаровский край;67;67,2;65,6;62,8;62,1;62,7;63,6;64,7;64,4;63,7;63;62,5;62,1;61,7;62,1;61,7;63,4;64,5;65;66,1;65,7;66;67,13;67,92;68,01;68,72;Хабаровский край;;39,5;53;49,9;55,3;39,4;38;33,6;36;38,8;33;38,6;35,5;29,3;35;35,1;35,7;33,7;29;33,4;41,2;40,4;Хабаровский край;;720,1;699,4;647,1;636;667,7;745,2;709;727,8;731,6;715,9;698,8;693,9;715,4;699;751,6;736,4;732;729,6;721,4;687,4;667,2;;-0,250528129;-0,0689989255;-0,267597648;;-0,317511555;-0,0717584042;0,148918167;-0,0502533308;0,611539794;0,052679974;0,141209555;-0,0856005159;0,0823677096;0,0198040584;0,0137379076;0,240643527
Амурская область;;8,5;12;12,3;11,8;11,4;12,5;14,6;15,2;16,1;16,6;17,2;17,2;15,9;14,7;15,6;15,1;15,3;14,8;14,7;13,9;13,9;13,9;Амурская область;14,7;15;15,4;15,5;15,6;15,7;16;16,1;16;16,2;16,8;17,3;17,9;18,4;18,9;19,5;20,2;20,6;21,2;21,7;22,2;-28,8;18,9;Амурская область;1276;2017;1894;1824;1893;2297;2338;2372;1864;1970;1955;2589;3026;2806;2486;2306;2223;2193;2185;2077;2129;2411;Амурская область;;36,1;28,2;26,3;31,2;38;47,7;45,3;44,6;35,8;34,3;30,9;30,1;25,3;22,2;24,1;23,7;20,4;16;15,1;14;14,2;;16;10,1;9,8;9,4;9,7;9,2;10,2;10,9;11,6;12,4;12,4;12,1;11,8;12,6;12,9;13,2;13,8;13,6;14,3;14,1;13,7;13,3;Амурская область;67,8;67,4;65,8;62,8;62,1;63;62,9;63,6;64,5;63,1;62,2;61,3;61,1;60,9;60,3;60,2;62,1;63,8;63,4;64,2;64,4;64,82;65,12;66,38;67;67,27;Амурская область;;53,3;69,8;71,6;67;57,5;53,1;45;47,4;51,8;47,3;43,1;41;33,3;31;28,7;26,3;27,3;30,8;33,1;38,4;36,4;Амурская область;;479,3;481;465,7;485,8;483,6;576,6;577,7;603,1;610,8;617,6;645,6;684,2;713,1;711,2;767,5;777,7;794;827,5;812,5;809,8;839,2;;-0,0866473188;0,113572295;-0,429046675;;0,678616494;0,542964796;0,624262043;0,618347974;0,391254822;0,486147074;0,731929293;0,118820908;0,280687983;0,151562508;-0,0803721899;-0,165164571
Магаданская область;;5,7;10,9;10,5;8,5;8,3;9,3;11,8;12,2;12,6;12,6;13,4;13,7;13,3;13,3;13,9;13,5;13;13;12,7;11,9;11,9;11,9;Магаданская область;8;8,5;9;9,4;9,8;10,2;10,8;11,2;11,5;12,1;12,6;13,4;14,3;15;16;16,9;17,6;18,3;19;19,7;20,3;-27,1;12,3;Магаданская область;1473;3068;2919;2561;2896;2972;3206;3368;2620;2228;2297;2692;3493;2892;2624;2546;2254;2071;2108;2305;2064;2248;Магаданская область;;23,2;25,4;23,4;29,2;39,4;30,9;25,5;20,8;18,5;18,2;18,7;17,7;16,4;16,4;15,8;13,6;13,9;11,3;12,2;12,1;13,2;;13,8;8,3;8,4;8,5;8,8;8,2;9,7;10,1;10,8;11,2;11,5;11;10,7;10,9;10,9;12,1;11,5;11,6;12,6;12,6;12,2;11,9;Магаданская область;66,2;66,8;63,7;60;59,5;60,1;60,3;63,8;64,4;62,9;62;61,9;62,2;63,1;62,4;62,5;63,3;63,4;63,6;63,9;65,1;65,99;66,15;67,12;67,19;68,11;Магаданская область;;56,8;59,5;56,3;60,8;51,7;47;44,8;49;50,3;47,7;44,5;43,4;40,7;39,7;30,3;34,7;31,2;37,7;47,4;46,2;40,9;Магаданская область;;733,4;746,2;767;710,8;782,5;945,9;899,6;940,6;948,2;942,6;855,2;846,5;827,3;861,3;879,7;808,8;758,8;773,5;780,1;742,3;704,1;;0,590823615;0,799648528;-0,719282449;;0,527752118;0,520943819;0,459665965;0,507169828;0,274463264;-0,155626847;-0,0859238652;-0,195897035;0,164959574;-0,146634452;-0,115208137;0,0206569371
Сахалинская область;;8,1;17;13,2;12;11,6;12,2;13,4;14,7;15;16,4;16,2;17,5;15,2;14,4;14,7;14,7;14,9;14,2;13,9;13,1;13;13,3;Сахалинская область;13,3;13,7;14;14,1;14,2;14,3;14,6;14,9;15;15,4;16;16,7;17,4;18,1;19;19,7;20,3;20,9;21,5;22,2;22,7;-12,7;13;Сахалинская область;1601;3588;3630;2849;2842;2669;2600;2718;2621;2527;2478;2757;3077;2926;2659;2539;2176;2021;2067;2507;2350;2310;Сахалинская область;;27,4;32,2;31,6;35,1;34,1;39,6;37,1;31;25;21,3;18,4;15,8;12,9;11,7;12;11;11,9;11,8;9,4;9,1;9,6;;14,1;8,9;8,9;8,3;8,9;8,2;9,2;9,5;10,2;10,9;11,4;11,4;11,2;11,8;12,3;12,1;12,1;11,8;12,7;12,9;13,6;13,7;Сахалинская область;66,8;66,3;65,7;62;60,1;54,6;61,8;63,1;63,7;63,7;63,3;62;62;61,3;61,5;60,6;62,8;64,4;64,3;64,7;64,9;65,68;66,63;67,7;67,89;67,99;Сахалинская область;;52,9;63,2;62,1;58,3;48,7;50,7;45,2;49,5;48,2;48,1;45,9;42;32,4;39,2;30,8;34,5;40,3;31,8;37,1;36;33,1;Сахалинская область;;724,1;723,9;718,5;808,8;872,3;990,9;978,3;1025,3;934,2;932,1;906;879,9;879,4;834,8;909,6;924,7;885,2;902,3;824,8;770,2;800,6;;0,448172969;0,387749728;-0,374319392;;0,325565257;0,269500795;0,221172116;0,0499381596;0,130423648;-0,598867897;-0,513310272;-0,322072792;-0,111999134;-0,34903423;-0,281132263;-0,31768925
Еврейская автономная область;;9,5;13,6;13,3;12,4;11,7;13,6;14,5;14,7;15,9;16,1;17;18,3;16,5;15,6;15,9;15,4;15,5;15,5;15,2;14,6;15;15,4;Еврейская автономная область;14,8;15,1;15,3;15,4;15,5;15,5;15,7;15,8;15,8;15,9;16,6;17,2;17,8;18,2;18,9;19,3;20;20,4;21,1;21,6;22,1;-24,3;17;Еврейская автономная область;;3276;2937;2603;2877;3099;3198;3318;3044;3232;3112;2972;3341;3113;2580;2485;2272;2121;2184;1864;2046;2167;Еврейская автономная область;;;;;;;57,3;51,1;38,4;33;30,3;28,4;26,3;26,7;23,5;22,3;19,5;20,1;18,8;20,9;21,4;24,3;;17,8;10,9;10,3;9,8;10;9,3;9,7;10,8;11,3;12;12;11,6;12,1;13;13,9;13,2;13,6;14,2;14,1;13,7;13,9;14;Еврейская автономная область;66,2;65,9;63,3;61,1;60,6;61;61,3;63,1;64,2;62,1;61,8;61,6;60,6;60,6;59,3;59,2;61,1;61,7;62,4;63;63,7;63,35;64,14;64,94;65,2;65,04;Еврейская автономная область;;65,9;74,9;73,3;70,2;55,9;48,4;47,5;56,5;56,5;56,5;46,9;40,2;28,6;39,8;35,9;50,6;43,3;42,2;37,8;41,8;47,6;Еврейская автономная область;;510,4;519,3;543,3;544,2;570,1;622,4;641,8;623,8;678,1;620,3;612,7;620,1;643,3;638,1;696,2;707,5;712,2;677,9;674,2;663,3;669,8;;-0,409034808;0,130270287;-0,340283217;;0,944007062;0,367898815;0,461331587;0,422377604;0,975112985;0,356504136;0,511218621;0,393153346;0,71802317;0,299779305;0,268390833;0,667529042
Чукотский автономный округ;;3,9;8,6;8,6;7,2;7,8;7,1;9,6;12,4;11,3;10,7;12,2;11,5;11,1;11,3;11,8;12,4;13,8;11,1;11,4;10,5;10,9;9,5;Чукотский автономный округ;5,2;5,5;5,8;6;6,3;6,5;6,8;6,6;6,8;6,9;7,2;7,7;8,3;8,9;9,7;10,4;10,8;11,3;11,9;12,5;13,2;-23,9;8,7;Чукотский автономный округ;;1148;1144;1040;1376;1578;1872;1762;1544;1438;1425;1682;2156;2051;1878;1820;1613;1437;1649;1567;1276;1617;Чукотский автономный округ;;;;;;;50,1;32,8;28,6;19,2;19,7;14,5;13,4;12,4;11,2;11,3;10,3;9;7,7;8,3;8,3;8,9;;14,3;9,8;9,8;9,8;10,9;9;11,5;12,7;12;13;15,4;15,7;15,3;15,9;15,1;14,2;14,7;13,6;14;13,1;13,7;13,6;Чукотский автономный округ;68;67,2;64,2;60,5;60,8;59,8;58,4;61,6;60,3;61,6;60,2;55,3;58;59,1;57,7;58,5;59,6;59,4;60,3;58,8;57,5;61,58;60,79;62,11;62,32;64,16;Чукотский автономный округ;;67;73,2;76,6;82,5;73,3;70,3;57,4;51,6;45,6;47,6;42,9;29,4;44,8;32,4;37,5;46,1;48;36,8;43;43,9;47,6;Чукотский автономный округ;;758,2;711,7;823,2;711;732,7;1040,3;893,5;1061,1;1173,8;1296,8;1224;1197,8;1173,3;1168,6;1203,6;1213,5;1246,8;1172,5;1122,8;1025,2;1076,3;;1,76332358;1,51671834;-1,18629168;;1,54227758;1,8103934;1,4977246;1,61610161;0,44189343;-0,34300088;-0,103223202;0,46477613;0,400903546;-0,043201254;0,0992887206;0,328271224
Республика Адыгея;;12,3;14,4;14,2;14;13,9;13,8;15;14,7;15;15,5;14,9;15,2;15,2;14,7;15;14,1;14,1;13,8;13,4;13,1;13,3;13;Республика Адыгея;22,4;22,7;22,8;22,8;22,7;22,6;22,5;22,4;22,1;22,1;22,3;22,4;22,6;22,7;23;23,3;23,5;23,9;24,2;24,5;25;-0,1;22,8;Республика Адыгея;;1344;1510;1375;1672;2160;2071;1437;1103;1174;1268;1358;1415;1171;1068;1098;1063;1035;919;888;903;1101;Республика Адыгея;;46,5;37,7;34,5;38,3;43;37,2;41,3;34,6;34,9;33,7;33,2;32,9;30,4;24,2;18,6;16;14,6;11,3;12;11;13,9;;14,1;10,7;10,3;9,8;9,6;8,6;9,1;9,4;10,2;10,4;10,4;10,3;10,4;11,8;12,7;12,4;12,9;12,6;12,9;12,5;12,7;12,5;Республика Адыгея;69,8;68,3;68,5;66,9;66,7;66,9;67,6;68;68,5;68,6;67,6;68,1;67,9;67,4;67,8;68,1;68,3;68,8;68,6;69,9;70;70,99;71,68;71,8;72,01;72,22;Республика Адыгея;;40,7;56,8;49,3;47;36,5;30,6;30,9;35;40,3;37,9;31,7;29,4;23,1;22,7;22,7;19;22,5;25,1;21,8;18,8;21;Республика Адыгея;;496,2;524,4;557,4;512,9;528,5;537,7;558,3;636,3;631,8;657,8;626,6;603,4;593,8;622,4;616,5;694,8;690;688,7;654,8;647,6;659,4;;-0,168091744;-0,0148211422;-0,228915695;;0,0666799745;0,0025961612;0,0704766067;0,207981624;0,0558415634;0,60330653;-0,00642436697;-0,228603223;-0,608836722;-0,121224982;-0,173590304;-0,265100833
Республика Калмыкия;;8,2;10,5;10,2;9,7;10,4;10,6;11,2;11,1;12,3;11,8;11;11,4;10,9;10,7;10,2;10,7;11;10,1;10,1;9,9;9,9;9,8;Республика Калмыкия;14,1;14,4;14,7;14,8;14,7;14,7;14,7;14,5;14,3;14,3;14,4;14,6;14,9;15,2;15,7;16,2;16,9;17,7;18,5;19,4;20,3;-5,7;25,1;Республика Калмыкия;1322;1417;1587;1514;1554;1768;1743;1698;1494;1735;1595;1887;2044;1898;1921;1630;1401;1320;1311;1220;1029;1135;Республика Калмыкия;;54,6;52,7;37,2;49,5;60,3;66,4;52,6;56,6;53,8;54;60,3;47,2;44,2;38,5;35,5;35,7;35,8;30,7;35,4;34,7;33,6;;20,9;13,5;12,4;12,1;12,2;11,4;11,3;11,7;12,7;13,3;13,5;13,1;13,3;14,5;15,3;15,1;15,3;14,6;15;14,6;14,1;13,6;Республика Калмыкия;68,2;68;67,8;65,9;65,8;65;66,3;66,8;66,3;65,9;65,4;66,3;65,1;65,9;67,5;67,2;67,9;68,7;69,4;69;69,4;70,8;71,22;71,35;72,03;72,15;Республика Калмыкия;;65,2;74,5;71,2;71,5;63,1;47,4;42,8;46,8;54,9;45,7;50;41,4;38,7;34;32,1;33,3;25,7;32,4;39;43,8;51,4;Республика Калмыкия;;634,1;614,3;668,5;628,1;668,3;680,2;665,9;716,1;703,4;688,8;710,5;713,5;733,5;680,1;701;680;667,9;719,8;694,3;660,6;658,5;;1,08151999;1,21488956;-1,40441193;;2,05459443;2,553559;2,14593519;2,34350653;2,3877729;2,2592277;2,52344705;2,0826599;1,98404389;2,1751688;2,11816932;2,20223953
Краснодарский край;;13,2;15,3;14,7;14,5;14,2;14,7;15,2;15,1;15,7;15,8;15,3;15,6;14,7;14,3;14,1;13,5;13,5;13,5;13,2;12,8;12,9;13;Краснодарский край;22,3;22,5;22,7;22,8;22,7;22,7;22,7;22,6;22,5;22,4;22,4;22,6;22,8;23,1;23,5;23,9;24,1;24,4;24,7;25,1;25,5;-0,1;22,8;Краснодарский край;1209;1565;1563;1436;1620;1774;1571;1516;1205;1140;1107;1245;1650;1611;1388;1321;1260;1262;1243;1195;1270;1369;Краснодарский край;;32,6;24,3;23,7;25,5;36,9;43,7;36,8;32;28,1;26,6;26,1;22,4;19,2;17,5;18,4;15,2;13,5;11,2;10,4;10,1;11,7;;13,1;10;9,4;8,9;8,9;8,5;8,9;9,4;9,9;10,4;10,8;10,3;10,4;11,3;12,2;12,4;12,2;12,2;13;13,1;13,5;13,5;Краснодарский край;68,7;68,3;67,8;65,5;65;65,7;66,9;67,5;68;67,7;67,1;67,2;67;67,2;67,5;67,6;68,8;69,3;69,8;70,8;71;71,15;71,74;72,29;72,28;72,53;Краснодарский край;;28,6;44,6;48,3;47,9;29;28,7;26,5;31,7;35,9;32,7;27,9;22,6;17,3;21,9;28,4;27,5;26,2;26,4;30,2;29;28,9;Краснодарский край;;502,7;512,5;527;529,9;551,7;572,3;571,2;564,7;577,8;570,3;558,3;557,2;560,6;563,9;549,2;575,5;621,3;646,8;665,5;662,3;649,5;;-0,0168729565;-0,0616055845;-0,046630486;;-0,354872234;-0,436935708;-0,360510515;-0,499469143;-0,278372992;0,697874925;0,0154055649;-0,247211625;-0,486221447;-0,175873521;-0,0906901266;-0,102203542
Астраханская область;;10,4;13,5;13,1;12,7;13,2;13,6;14,3;14,6;15,3;15,6;15;15,4;14,6;14;13,5;13,3;13,5;13;12,7;12,2;12,6;12,3;Астраханская область;18,8;19;19,2;19,1;19;18,9;18,9;18,7;18,5;18,5;19,8;20;20,1;20,3;20,6;21,1;21,4;21,9;22,3;22,7;23,2;-5,5;25,3;Астраханская область;1299;1938;1583;1488;1570;1910;2114;2174;2135;2325;2718;2852;2988;3179;3140;2995;2574;2241;2045;1704;1551;1448;Астраханская область;;32,3;30,7;25;30,4;36;33,4;31,1;26,2;22,9;20,1;19,3;17,3;16,3;16,3;15,1;14,1;14,2;12,5;12;12;14,1;;15;10,1;9,7;9,7;9,5;9,4;9,9;10,5;11,6;12,1;12,4;12,2;12,4;13,5;14,2;14,2;14,2;14,2;15,1;14,8;14,9;14,5;Астраханская область;69,6;69,1;68,6;66,3;65;65,9;66,3;66,9;66,4;65,9;65,3;65;64,9;65,1;65,7;65,4;66,8;67,7;68,6;68,9;69,1;69,84;70,36;71,34;70,76;71,36;Астраханская область;;39,1;52;43,6;47;35,2;32,4;32,6;37,3;41,2;37,5;35,7;36,8;31,3;33,4;35,8;39,8;41,6;36,5;38;38,2;45,4;Астраханская область;;614,1;577;629,9;693,9;671,3;681,4;666,9;687,2;695,1;724,2;711,8;742;731,1;721,1;784,1;744,4;739;703;681,6;669,1;620,6;;0,288724774;0,321361952;-0,564371132;;0,107400859;0,176919503;0,443172693;0,421933642;0,684851528;0,19606929;0,380016325;0,402247239;0,557843206;0,235389029;0,266790312;0,631436846
Волгоградская область;;11,7;14,6;14,4;14,2;14,4;15,4;15,2;15,6;15,9;16,1;15,4;15,7;15,2;14,6;14,4;14,4;14,7;13,8;13,6;13,5;13,7;13,8;Волгоградская область;21,8;22,1;22,3;22,3;22,2;22,1;22,3;22,3;22,2;22,2;22,3;22,6;22,9;23,2;23,6;24;24,5;25;25,5;26;26,5;-9,2;22,6;Волгоградская область;1195;1443;1626;1480;1588;1920;1929;1987;1750;1738;1702;2048;2425;2121;1984;1924;1731;1538;1512;1417;1421;1634;Волгоградская область;;33,8;28,6;23,3;31,2;47,7;34,9;29,3;26,8;21,4;17,9;17,2;11,9;13;13,7;12,9;14;15,1;13,6;13,6;14;14,7;;13;9,1;8,6;8,2;8,4;7,9;8,2;8,5;9,1;9,3;9,6;9,4;9,8;10,7;11,3;11,4;11,3;11,2;11,7;11,5;11,6;11,5;Волгоградская область;70,4;70,4;69,6;67,5;65,9;66,6;67,3;67,7;67,8;66,3;66,4;66,1;66,3;66,2;66,9;67;67,9;68,9;69;69,5;69,7;70,5;70,99;71,42;71,62;71,98;Волгоградская область;;33,5;52,7;54,8;59,1;44,3;41,3;38,5;46,5;43,2;38,5;36,3;32,5;29,2;30,3;34,9;32,4;31,4;31,7;36,7;37,4;37,4;Волгоградская область;;558,7;539,7;594,4;593,7;680,1;698,8;698,2;698,2;719,1;728,6;717,5;740,4;703;697,9;719,5;710,2;708,6;699,8;720,1;671;644,3;;-0,156137663;-0,255941026;0,313190865;;-0,550593937;-0,478172508;-0,562061562;-0,333608377;-0,291857062;-0,291494052;-0,34856517;-0,269518422;-0,304876516;-0,39143857;-0,305248401;-0,250789509
Ростовская область;;12,5;15,8;14,9;14,6;14,5;15;15,2;15,6;16,1;16,3;15,9;15,8;15,4;14,8;14,9;14,5;14,7;14,3;14;13,8;14,1;13,9;Ростовская область;22;22,4;22,6;22,7;22,7;22,6;22,7;22,7;22,6;22,6;22,6;22,8;23,1;23,3;23,7;24,1;24,5;24,9;25,4;25,8;26,3;-5,5;23;Ростовская область;1322;1497;1592;1651;1721;1861;1859;1752;1379;1561;1560;1854;2009;2169;2049;1651;1386;1319;1232;1219;1274;1469;Ростовская область;;34,2;21,8;20;21,5;26;33,1;30,8;27,9;23,2;19,1;18,3;18,3;15,8;14,7;15,8;14,9;15,2;12,9;12,9;12,9;14;;12,5;9,2;8,8;8,3;8,2;7,6;8;8,2;8,8;9,2;9,5;9,2;9,5;10,2;10,8;10,9;10,9;10,9;11,7;11,7;12,1;12,1;Ростовская область;69,4;69;68,6;66,3;65,3;65,4;66,6;67,3;67,6;66,9;66,5;66,5;66,5;66,3;66,8;67;67,7;68,5;69;69,6;69,7;70,28;71,02;71,39;71,3;71,9;Ростовская область;;30;46,1;46,4;49,9;33;30,6;26,8;30,2;32,7;28,5;27,7;24,7;21,3;22,8;28,2;28;25,5;23,7;27,9;29,2;28,7;Ростовская область;;699,4;643;673,7;668,2;688,6;686,2;697,1;743,8;769,1;776,2;799,6;815,7;811,5;794,2;820,9;790,4;816,9;819;817;820,4;801,2;;-0,120120443;-0,275963882;0,19312286;;-1,02563275;-0,777317345;-0,575490101;-0,628674453;-0,692313897;-0,266981451;-0,422891666;-0,498288572;-0,694532992;-0,3446792;-0,347927886;-0,44969712
